TransactionID,CustomerID,CustomerDOB,CustGender,CustLocation,CustAccountBalance,TransactionDate,TransactionTime,TransactionAmount (INR)
T892846,C5725279,8/9/84,M,JASPUR,84447.82,7/9/16,183210,11858.0
T444995,C4588538,2/1/94,M,GURGAON,12549.49,16/8/16,161300,250.0
T614897,C2416476,14/11/90,M,NEW DELHI,33607.65,26/8/16,102007,3360.0
T457037,C5940151,15/9/90,M,HYDERABAD,38238.86,21/8/16,110438,250.0
T997442,C5922989,27/11/88,M,PURBO MEDINIPUR,9506.85,14/9/16,90810,33.0
T518220,C8296884,31/10/89,M,BANGALORE,635863.63,19/8/16,215646,2688.0
T778233,C6671851,1/1/1800,M,SHOPPING COMPLEX THIRUVANATHAPURAM,5867.38,6/9/16,193036,870.0
T151836,C8927812,3/3/87,M,NEW DELHI,63911.56,4/8/16,30857,499.0
T446576,C7511745,23/3/92,F,GURGAON,19853.15,16/8/16,183906,280.0
T887528,C6126877,1/10/93,M,GURGAON,3848.86,7/9/16,201500,203.45
T672566,C4838159,19/6/77,M,ROAD NUNGAMBAKKAM CHENNAI,32578.12,31/8/16,190101,350.0
T542360,C2312711,27/11/82,M,AURANGABAD,7626.73,23/8/16,1540,147.0
T320470,C7895589,1/1/1800,M,LUCKNOW,167783.85,15/8/16,15803,49041.68
T634647,C1737472,7/7/89,M,GHAZIABAD,2954.27,29/8/16,173500,300.0
T153452,C7220357,19/11/76,M,HYDERABAD,19841.89,4/8/16,41313,300.0
T160007,C4547164,10/6/91,M,BANGALORE,8056.18,4/8/16,81808,150.0
T865234,C6641948,1/1/1800,M,MOHALI,34807.77,8/9/16,20600,2.7
T133065,C3014337,7/8/90,M,NOIDA,2379.92,5/8/16,90701,946.0
T26154,C5326361,8/7/93,F,MANGALORE TQ,27382.64,26/9/16,173252,1249.0
T995716,C4040113,26/1/77,M,CHENNAI,3122.1,14/9/16,94149,1000.0
T417157,C4140330,14/3/98,M,MUMBAI,2057.19,17/8/16,120037,1965.0
T252393,C2835570,6/8/86,M,GURGAON,223078.63,7/8/16,202538,500.0
T288515,C8523469,15/11/93,M,HYDERABAD,10963.61,11/8/16,153244,200.0
T675827,C6920776,6/9/79,M,HYDERABAD,30423.14,28/8/16,112927,659.0
T519648,C2723414,13/12/91,F,ULHASNAGAR,187115.35,19/8/16,213946,15300.0
T901428,C5928779,25/12/84,M,MUMBAI,14525.85,7/9/16,110104,100.0
T177531,C4823476,5/2/88,M,GURGAON,20384.09,4/8/16,210517,500.0
T125723,C4030963,1/1/1800,M,SAHIB STRT BANGALORE,116024.37,6/8/16,235804,635.0
T179851,C6717763,9/8/89,M,GURDASPUR,1387.05,4/8/16,211925,1170.0
T166501,C5135922,4/3/72,M,NOIDA,29911.96,4/8/16,135909,822.0
T788306,C5214325,14/8/91,F,NEW DELHI,99950.89,6/9/16,45030,149.0
T15027,C6535238,26/10/89,F,DELHI,10125.36,26/9/16,201650,432.0
T1021731,C2925333,21/2/81,M,AMBERNATH,41467.47,13/9/16,143323,191.0
T916399,C8112785,23/1/88,M,GANGTOK,9270.75,12/9/16,192301,101.15
T747735,C2019141,5/3/91,M,DELHI,108586.67,2/9/16,201922,100.0
T2726,C2234990,11/11/98,M,RAJKOT,4102.18,21/10/16,155850,50.0
T142744,C5632280,31/3/86,M,GUWAHATI,18322.19,5/8/16,124752,26.0
T403466,C3716768,25/5/93,M,LUCKNOW,513.2,18/8/16,141537,100.0
T282429,C2716163,3/5/81,F,CHENNAI,51193.01,11/8/16,115831,600.0
T147571,C2838389,29/10/92,F,MOHALI,25417.72,5/8/16,192752,606.9
T473178,C4334836,14/4/88,M,BANGALORE,34224.88,21/8/16,142651,200.0
T139725,C3836872,14/9/82,M,AHMEDABAD,16667.49,5/8/16,113546,25989.0
T418976,C1216378,8/7/93,F,BANGALORE,17072.15,17/8/16,213903,20.0
T216001,C6810662,14/9/85,M,AHMEDABAD,106475.17,8/8/16,154952,30.0
T724448,C4314078,3/1/86,M,ALWAR,13973.85,2/9/16,80727,1820.0
T20776,C4525944,26/8/89,F,THANE,6669.98,23/9/16,190447,3599.0
T734802,C3821745,10/6/91,F,KARIMNAGAR,3344.36,2/9/16,174750,120.0
T874067,C4916771,15/1/90,M,DELHI,6589.94,8/9/16,212119,1002.0
T224792,C8524228,18/8/91,M,BHIWANI,10836.21,7/8/16,32514,50.0
T70608,C1839418,10/8/97,M,BHAVNAGAR,11124.55,2/8/16,190329,50.0
T137268,C3739451,7/4/92,F,NOIDA,719.7,5/8/16,44048,85.0
T227040,C4631273,15/7/94,M,CUDDALORE,2362.5,7/8/16,142837,813.0
T70570,C8736963,23/8/82,M,KALYAN WEST,13204.45,2/8/16,171800,5206.0
T544955,C5328391,22/5/94,F,BANGALORE,5807.89,23/8/16,234128,1020.0
T6615,C6921476,28/10/88,F,MUMBAI,69073.56,22/9/16,132133,499.0
T601896,C8433880,30/9/91,M,KOLKATA,34047.25,26/8/16,235241,485.0
T106975,C1325773,6/5/94,M,GURGAON,15166.35,6/8/16,44526,123.0
T672488,C6738879,14/7/84,F,GHAZIABAD,109847.34,28/8/16,191159,3531.0
T997414,C4334023,4/7/50,F,AGARTALA,0.0,14/9/16,143420,3050.0
T730023,C3134514,6/8/85,M,SALCETTE,57428.85,2/9/16,151037,268.0
T217464,C3415792,6/4/89,M,AHMEDNAGAR,3432.37,8/8/16,194101,45.0
T976150,C6228347,1/1/1800,M,DELHI,6832.59,15/9/16,160238,23928.0
T930164,C3330558,17/3/90,F,NEW DELHI,19053.66,11/9/16,111834,2748.0
T914159,C8936280,17/6/96,M,JAIPUR,1761.78,12/9/16,85009,189.0
T386293,C1924915,24/7/89,M,NEW DELHI,471466.98,13/8/16,200820,2000.0
T321544,C6425031,8/2/89,M,RAJPURA,3167.49,15/8/16,104905,55.0
T280641,C4915584,12/6/91,M,MUMBAI,4352.68,11/8/16,102352,581.8
T310795,C8431258,7/3/92,F,THANE,362.18,10/8/16,174629,500.0
T281245,C4229683,24/2/87,M,BURDWAN,33178.94,11/8/16,110848,205.0
T1039446,C3249876,9/1/85,M,GURGAON,11665.51,18/9/16,161306,1500.01
T508531,C7142253,15/8/92,M,AHMEDABAD,27263.7,19/8/16,180420,2999.0
T756117,C1363821,13/11/85,M,JAIPUR,64408.59,1/9/16,183954,2241.82
T225231,C2535784,12/9/90,M,CHENNAI,2992.2,7/8/16,91235,45.0
T358067,C7726989,23/8/86,F,KANCHEEPURAM,23581.13,14/8/16,134353,2875.0
T942718,C3535553,30/6/85,M,NAVI MUMBAI,29000.54,11/9/16,185555,1397.0
T693508,C2039851,4/12/89,M,DELHI,30057.55,31/8/16,211311,1050.0
T635359,C7584460,1/6/81,M,BANGALORE,18399.65,29/8/16,131934,755.0
T743958,C5324073,17/4/83,M,CHENNAI,21246.03,2/9/16,203651,485.0
T70473,C1729633,9/12/83,F,DISTT-GHAZIABAD GHAZIABAD,8725.5,2/8/16,155602,1299.0
T504630,C1220126,27/4/89,M,BANGALORE,8903.78,19/8/16,133136,558.25
T112751,C6859742,2/2/59,F,BHILAI,,6/8/16,114549,25.0
T585264,C2880749,1/5/85,M,VARANASI,49978.19,22/8/16,203807,499.0
T134893,C8546382,1/1/1800,M,CHENNAI,307.69,5/8/16,83743,970.0
T537750,C4725590,1/1/1800,M,PANNA SHOPPING CENTRE JOGESHWARI W,37629.29,23/8/16,201806,8500.0
T437553,C1325454,16/2/64,M,NEW DELHI,87707.74,17/8/16,161813,2797.0
T996551,C4688471,11/9/91,F,BANGALORE,11555.06,14/9/16,100346,640.9
T1035813,C5923873,22/2/94,F,NEW DELHI,991.06,18/9/16,170757,101.0
T15389,C7419118,5/7/92,M,GORAKHPUR,937.03,26/9/16,195129,50.0
T496528,C1513727,1/4/80,M,RUPNAGAR,10959.4,19/8/16,62056,605.4
T81933,C2119275,19/9/93,M,BURDWAN,130438.56,2/8/16,223435,435.0
T570540,C1151882,6/11/65,M,NEW DELHI,567819.93,22/8/16,111935,850.0
T244712,C7693881,24/11/90,M,GAUTAM BUDDHA NAGAR,55042.73,7/8/16,191604,101.15
T247650,C5441245,1/3/96,M,DELHI,3119.24,7/8/16,153628,240.0
T673255,C6220778,18/9/94,M,GHAZIABAD,38440.32,28/8/16,41105,10.35
T513817,C5079434,1/6/80,M,DOMBIVALI EAST,90444.42,19/8/16,141053,1932.0
T539384,C2532165,9/10/89,F,DELHI,20.23,24/8/16,213612,249.0
T388028,C5312351,21/1/79,F,THANE- EAST,61169.9,13/8/16,195100,200.0
T204213,C4725327,6/6/94,M,MUZAFFARPUR,462.11,8/8/16,115337,10.0
T989280,C8440473,5/4/86,M,NEW DELHI,8683.1,15/9/16,223639,204.0
T921238,C5419278,8/1/90,F,KOTTAYAM,12051.88,11/9/16,100716,30.0
T901508,C5959977,14/5/87,M,BHUBANESHWAR,5410.65,7/9/16,4413,2000.0
T301202,C3166470,29/11/78,M,GURGAON,370.05,10/8/16,103738,137.0
T318291,C5738638,29/5/91,M,OFF BKC MUMBAI,5040.82,15/8/16,111803,540.26
T123903,C6512254,9/9/59,M,GUWAHATI,3070487.24,6/8/16,180234,2501.0
T734351,C1825757,18/4/86,M,NANGAL,75006.15,2/9/16,174539,50.0
T89813,C5610988,24/9/84,M,NOIDA,,1/8/16,120555,10.0
T550601,C3356516,22/9/68,M,NEW DELHI,1055799.07,23/8/16,173249,200.0
T936648,C1329241,21/1/70,M,GURGAON,656808.66,11/9/16,185028,355.0
T1021983,C3629072,15/6/78,M,PUNE,99131.5,13/9/16,142859,2500.0
T60426,C5881554,23/11/85,F,NEW DELHI,67810.5,3/8/16,234352,141.0
T907506,C8421487,18/2/87,F,BADLAPUR E,380662.34,12/9/16,114156,3414.0
T853646,C7519574,14/8/88,M,DELHI,2422.42,9/9/16,191932,154.05
T998041,C6220020,15/6/91,M,HYDERABAD,31828.98,14/9/16,115849,2767.0
T338812,C6614992,1/1/1800,F,BHOPAL,6406304.47,15/8/16,221614,10756.0
T950563,C8218816,29/6/89,M,NEW DELHI,977085.88,10/9/16,204437,1250.0
T739460,C5313115,3/7/82,M,CHENNAI,13521.91,2/9/16,180448,179.36
T245142,C2463172,31/5/78,F,DEOLI,237.51,7/8/16,174354,2000.0
T1002560,C6235689,3/6/95,F,NOIDA,1654.4,14/9/16,140630,30.0
T551037,C4531419,25/5/81,M,JALANDHAR,72.51,23/8/16,192015,430.0
T55019,C8462740,15/4/72,M,GHAZIABAD,58587.16,3/8/16,195107,1000.0
T108309,C6390219,22/12/83,M,PUNE,59439.71,6/8/16,91851,147.0
T107656,C6125890,16/6/86,M,MUMBAI,199717.26,6/8/16,134649,500.0
T541701,C6334887,26/4/86,M,DELHI,5607.12,23/8/16,105701,109.0
T762878,C8116819,5/5/96,M,SHAMA,15509.93,1/9/16,132139,50.0
T716952,C7423549,5/1/80,M,MUMBAI,148486.79,3/9/16,194835,2200.0
T298727,C8842782,29/2/84,M,HYDERABAD,1849.67,11/8/16,225033,536.26
T361157,C3147785,2/10/82,M,SAHARANPUR,84021.35,14/8/16,170309,1000.0
T1041597,C6416281,10/6/80,M,BANGALORE,5.98,18/9/16,140414,2049.51
T996725,C3739915,18/10/87,M,GURGAON,34487.81,14/9/16,94406,51.45
T90752,C3513238,,F,MUMBAI,11900.51,22/9/16,122141,2000.0
T809667,C6921739,18/4/92,M,FARIDABAD,20659.93,4/9/16,230319,306.0
T606027,C3233686,22/9/88,M,AJMER,9302.05,26/8/16,181904,344.0
T954916,C2364253,15/9/92,F,MUKTSAR,591.41,10/9/16,185812,170.0
T1038191,C1820911,4/8/92,F,MUMBAI,11777.4,18/9/16,140614,20.0
T897322,C1017889,23/7/81,M,CHAKALA ANDHERI E MUMBAI,14470.97,7/9/16,90945,220.83
T776513,C2725647,21/4/93,M,DIBRUGARH,4138.66,6/9/16,194937,2100.0
T5465,C2338873,24/4/86,M,PUNE,9650.48,16/8/16,215821,75.97
T784460,C3014424,14/11/90,F,ST JOSEDH BANGALORE,8155.14,6/9/16,133109,698.0
T344678,C3814281,12/4/75,M,AGRA,3493.91,15/8/16,200001,270.0
T311655,C4219628,26/3/73,M,PUNE,247220.72,10/8/16,172033,2052.7
T673790,C3998448,25/5/85,M,PATPARGANJ DELHI,204185.61,28/8/16,193038,2099.0
T170630,C4532133,7/3/91,F,BANGALORE,11384.3,4/8/16,182532,140.0
T502662,C1621047,14/1/93,F,GWALIOR,17215.98,20/8/16,204628,2096.0
T940043,C8840360,30/12/82,F,NEW DELHI,66335.58,11/9/16,195730,1099.0
T631194,C1746072,20/1/93,F,DELHI,11690.33,29/8/16,175441,100.0
T4591,C4925389,21/10/76,M,BANGALORE,51907.55,23/8/16,145302,500.0
T698469,C5179040,21/10/86,M,LUCKNOW,36.77,30/8/16,104928,150.0
T209419,C7820558,20/2/88,M,CHENNAI,2156.69,3/9/16,133921,200.0
T757646,C7475622,19/11/82,M,NEW DELHI,60729.01,1/9/16,173042,19036.8
T189410,C2023670,8/5/92,M,NEW DELHI,15408.02,9/8/16,185606,500.0
T13754,C3238941,12/7/82,M,FARIDABAD,40858.16,25/9/16,214858,350.0
T393632,C1017848,13/9/84,M,BANGALORE,5226.48,13/8/16,225854,1000.0
T575534,C3951831,6/11/65,M,NEW DELHI,567819.93,22/8/16,113109,600.0
T758267,C1725062,27/8/92,M,FARIDABAD,16472.2,1/9/16,172502,4641.0
T711816,C4929983,8/5/80,M,GURGAON,50156.13,3/9/16,182525,500.0
T571980,C6188068,31/8/81,M,GURGAON,6263.67,27/8/16,101443,607.0
T235014,C3637853,25/11/83,M,MOHALI,16377.92,7/8/16,144742,247.0
T424232,C8026342,1/10/72,M,NEW DELHI,189036.55,17/8/16,122520,920.0
T817649,C9010546,17/8/89,F,PATIALA,15086.39,4/9/16,163028,50.0
T158593,C2339940,1/1/1800,M,GURGAON,28333.11,5/8/16,215653,311.0
T1035753,C2913757,31/7/93,F,BANGALORE,173447.62,18/9/16,165122,50.0
T544553,C4910260,1/7/83,F,GURGAON,7905.24,24/8/16,215248,1960.0
T234337,C1637123,10/7/79,F,DEHRADUN,34084.05,7/8/16,180229,3080.0
T723627,C8914446,8/12/79,M,KARNAL,13663.23,2/9/16,95609,500.0
T489605,C8333990,25/4/94,F,MUMBAI,230464.03,20/8/16,124737,573.0
T1015904,C2826714,2/11/80,M,CHENNAI,1589.43,14/9/16,220223,65.0
T381701,C7417688,1/1/91,F,KOLLAM,6767.8,13/8/16,190213,218.0
T388483,C1511717,1/9/87,M,DOHA,54895.59,13/8/16,110817,238.0
T535055,C1710333,26/3/94,F,FARIDABAD,3015.27,22/8/16,105326,6999.0
T671802,C4715048,4/4/94,M,NOIDA,17889.45,31/8/16,191256,248.0
T1045428,C6022485,31/8/90,M,BAMBOLIM,95209.23,18/9/16,114759,440.0
T951175,C3629650,10/8/92,F,MUMBAI,69471.64,10/9/16,191506,498.0
T762546,C8542650,4/6/86,F,BANGALORE,1968.97,1/9/16,132700,500.0
T1010211,C7528691,2/5/71,F,GURGAON,140150.31,14/9/16,204606,4000.0
T599733,C2021952,4/7/95,M,NEW DELHI,61463.62,25/8/16,4009,195.0
T225671,C7814057,1/1/89,M,PUNE,1943.4,8/8/16,192100,1.89
T1012704,C5573663,4/10/88,M,HYDERABAD,43854.35,13/9/16,204827,458.0
T697471,C5168088,4/3/79,M,NEW DELHI,5008.33,30/8/16,125709,300.0
T726510,C2018067,31/12/74,M,GUWAHATI,17969.28,3/9/16,230921,16806.0
T955032,C6812148,10/8/88,F,DELHI,36016.49,10/9/16,223957,1176.0
T690872,C2937614,30/9/91,M,SIRHIND,911.25,31/8/16,205416,12.0
T428272,C6437368,27/11/91,M,AHMEDABAD,24205.84,17/8/16,211452,120.0
T494064,C3827177,25/2/94,M,PUNE,13916.76,20/8/16,211109,100.0
T407435,C3520271,17/6/81,M,BENGALURU,17255.79,18/8/16,131559,2000.0
T813500,C2310723,28/7/66,M,NOIDA,204792.69,4/9/16,201521,260.0
T258957,C7326872,9/12/92,F,BENGALURU,17996.65,12/8/16,145351,875.5
T801047,C3841874,16/8/74,F,RAIPUR,247407.57,5/9/16,171239,3102.0
T557187,C2887761,5/12/87,M,3RD BLOCK BANGALORE,5.18,24/8/16,150747,100.0
T78088,C2122187,7/12/86,M,BANGALORE,41255.35,2/8/16,204100,1121.0
T395428,C2434751,18/7/62,M,PATIALA,14521.96,13/8/16,212649,1371.0
T358574,C1021370,13/10/90,F,NEW DELHI,42387.74,14/8/16,173034,681.98
T589620,C4727567,1/1/1800,M,COIMBATORE,220241.6,25/8/16,124555,460.0
T799113,C6635782,10/6/85,M,NOIDA,53654.22,5/9/16,161321,500.0
T227364,C8940775,1/1/84,M,GAZIABAD,7866.26,7/8/16,34147,210.0
T323464,C6141752,7/10/89,M,BAREILLY,56754.46,10/8/16,181452,270.0
T90837,C6534862,30/10/80,F,GHAZIABAD,32250.68,22/9/16,110044,210.0
T535616,C7033086,28/1/86,F,PUNE,344976.94,23/8/16,225317,5229.0
T763593,C6822429,18/4/91,M,VADODARA,66176.15,1/9/16,131040,1630.0
T789817,C5327445,1/10/83,M,SINGAPORE,522.29,5/9/16,4744,1158.0
T999274,C6618370,3/7/92,F,DELHI,22709.1,14/9/16,141407,40.0
T792147,C4821711,30/6/88,M,NEW DELHI,19037.54,5/9/16,123303,4470.83
T696552,C1929538,23/3/59,M,NEW DELHI,228814.79,30/8/16,130457,5608.5
T263761,C7030947,1/1/1800,M,NEW DELHI,10199.89,12/8/16,171746,2700.0
T405259,C8521864,28/12/95,F,HYDERABAD,9270.44,18/8/16,190222,1947.5
T432627,C5019557,3/3/93,F,CHENNAI,82658.86,17/8/16,185341,500.0
T149820,C8035439,15/6/63,M,VARANASI,1391.03,5/8/16,224431,12776.0
T670219,C5512151,30/10/91,F,GURGAON,3660.2,31/8/16,65953,50.0
T490470,C6333139,4/11/83,M,BANGALORE,21074.13,20/8/16,180349,996.0
T862400,C4640365,7/5/76,M,RAIPUR,6154.5,8/9/16,102031,120.0
T1039910,C1331772,22/12/89,F,NEW DELHI,14938.26,18/9/16,133824,900.0
T1021590,C1135492,25/3/71,M,MUMBAI,7774.3,13/9/16,205123,566.0
T518963,C3919777,28/2/94,F,NEW DELHI,89445.92,19/8/16,222626,147.0
T487534,C6436117,5/3/95,F,NOIDA,5570.0,20/8/16,165856,200.0
T940022,C1516523,4/12/88,M,VELLORE,8151.22,11/9/16,191951,195.0
T313522,C4388370,9/5/81,M,CHENNAI,0.62,10/8/16,194447,250.0
T177553,C8110368,5/11/89,M,BHARATPUR,27206.59,4/8/16,210316,606.9
T1003404,C2818737,27/9/88,M,GURGAON,34221.37,14/9/16,193430,1156.0
T812697,C6022011,30/3/85,F,AHMEDABAD,59874.17,5/9/16,211214,297.0
T329801,C5813722,10/9/82,M,BOISAR W,11989.62,15/8/16,111838,2054.17
T81315,C8738790,18/10/78,M,PUNE,73592.43,2/8/16,224110,450.0
T550100,C1543580,27/4/51,M,THANE,91405.56,23/8/16,192713,487.0
T109753,C5687255,22/1/92,M,PALI,415.14,1/8/16,222331,100.0
T135726,C7416173,16/7/78,M,BANGALORE,273395.44,5/8/16,120116,92.0
T833169,C4128839,1/6/73,M,TIRUVALLUR,3680.47,4/9/16,115338,887.0
T16142,C7122340,22/9/93,M,BANGALORE,12084.77,26/9/16,195421,50.0
T160937,C5937975,9/10/94,M,JAIPUR,11455.45,4/8/16,83349,150.0
T1032020,C2442653,5/6/95,M,DELHI,316.35,13/9/16,111221,359.0
T563122,C6140873,7/6/84,M,BAMBOLIM,17046.96,27/8/16,110125,154.0
T710301,C1935862,1/6/82,M,VISAKHAPATNAM,11733.24,3/9/16,82141,70.0
T969755,C3228565,10/11/84,M,KICHHA,81606.28,10/9/16,102401,30.0
T518349,C8711148,25/2/87,M,HYDERABAD,59.76,19/8/16,192352,120.0
T896582,C2474251,10/6/88,M,BANGALORE,15834.56,7/9/16,115656,124.0
T865486,C3226634,1/1/1800,M,GURGAON,551279.11,8/9/16,134805,20700.0
T776582,C2327832,18/12/80,M,NOIDA,137387.52,6/9/16,183717,10903.0
T807804,C3527742,8/10/91,M,NEW DELHI,35.82,4/9/16,211525,66.61
T475695,C1915448,6/5/85,M,GHAZIABAD,1063239.22,20/8/16,91320,1903.0
T964627,C4130450,16/6/85,F,GHAZIABAD,77932.38,10/9/16,115510,1347.49
T377039,C1412623,11/9/62,M,DELHI,98663.55,13/8/16,135508,413.0
T47360,C6790925,31/5/88,M,ERNAKULAM,256859.1,3/8/16,145326,899.0
T983120,C4135334,20/1/92,F,JALANDHAR,8848.78,15/9/16,123957,100.0
T291008,C5758879,21/12/85,M,THANE,6088.12,11/8/16,235337,1945.0
T5008,C5812373,1/11/85,M,DIMAPUR,26794.55,15/8/16,192416,48.0
T163820,C1017571,8/10/85,M,GURGAON,13652.99,4/8/16,123215,400.0
T533665,C3496442,6/8/95,M,AHMEDABAD,64893.96,23/8/16,214402,100.0
T389689,C8286860,30/10/94,F,GURGAON,114.69,13/8/16,201805,3599.0
T708950,C8319816,21/9/87,F,MUMBAI,14365.69,3/9/16,170623,2300.0
T298837,C4230890,27/10/79,M,MUMBAI,497.96,10/8/16,3722,560.0
T57575,C3036254,15/5/79,M,NAVI MUMBAI,3979.79,3/8/16,212653,240.0
T141770,C6672511,19/6/92,F,AHMEDABAD,1611.91,5/8/16,144700,0.52
T666854,C5732338,26/7/83,F,ANDHERI-E MUMBAI,104523.14,31/8/16,93751,600.0
T992829,C8227529,3/4/87,M,NAVI MUMBAI,260740.23,15/9/16,213443,150.0
T8444,C1923728,26/9/93,M,HYDERABAD,5.4,22/9/16,113742,50.0
T330072,C1138684,29/9/03,F,BANGALORE,2000.42,15/8/16,111845,1171.0
T843284,C7124615,1/10/86,M,GURGAON,105433.4,9/9/16,115720,259.0
T473161,C3512635,26/12/81,M,THANE WEST,20408.15,21/8/16,142232,2225.39
T875477,C5419124,12/4/92,M,UDAIPUR,18109.95,8/9/16,223204,1783.0
T874689,C7370533,28/4/92,M,MUMBAI,3314.87,8/9/16,205252,925.0
T936873,C3515213,27/10/96,M,NEW DELHI,30145.26,11/9/16,184743,3772.9
T733679,C6619416,9/11/84,M,PUNE,23509.82,2/9/16,174240,210.0
T952408,C5914727,21/8/83,M,BANGALORE,232008.83,10/9/16,190240,3947.0
T973413,C5638835,8/1/87,M,CHANDIGARH,53524.95,10/9/16,636,2000.0
T46390,C2926868,2/10/78,M,NEW DELHI,260479.53,3/8/16,115300,50.0
T485138,C1461168,8/4/92,M,DELHI,403.53,20/8/16,155927,620.0
T883654,C4267054,16/7/77,M,DELHI,22652.45,7/9/16,213709,200.0
T83547,C8429449,1/1/88,M,DELHI,81630.8,1/8/16,20405,747.0
T823633,C2526934,7/1/85,F,DELHI,149120.1,4/9/16,173016,347.0
T972074,C3891078,22/3/87,M,GURDASPUR,61928.95,10/9/16,115849,3393.0
T51285,C2216514,27/6/88,F,PUNE,38528.54,3/8/16,170547,1550.1
T1007288,C7628043,14/11/89,M,VIZIANAGARAM,25835.38,14/9/16,161903,402.0
T64833,C7715421,24/4/93,M,BANGALORE,4325.83,2/8/16,103922,122.3
T437527,C4635511,1/1/1800,M,ROAD EAST THANE,29324.63,17/8/16,213052,17066.0
T779872,C6487579,10/8/90,F,NOIDA,10947.74,6/9/16,144722,75.0
T497607,C3830990,12/11/90,F,WARANGAL,11.78,20/8/16,182011,21.0
T524908,C2825821,15/8/90,M,FARIDABAD,3166.32,24/8/16,160239,1300.0
T93947,C8838444,24/11/92,F,DELHI,265.76,1/8/16,140945,612.0
T303132,C8241133,25/12/67,F,VISAKHAPATNAM,13926.0,10/8/16,103730,149.0
T354601,C5039849,15/1/90,M,NAVI MUMBAI,858.49,14/8/16,174242,1500.0
T489608,C8924759,15/12/75,M,BANUR,13267.3,20/8/16,180850,300.0
T734471,C2329122,6/3/91,F,GURGAON,11084.91,2/9/16,170203,195.0
T54893,C8125188,16/10/88,M,MUMBAI,16919.09,3/8/16,194824,450.0
T241676,C6976235,9/9/84,M,JAMMU,33169.35,7/8/16,191106,579.52
T966670,C3415812,1/8/79,M,PATHANKOT [PB],9374.37,10/9/16,122435,1.0
T857638,C3321343,20/5/90,M,SINGHBUM,6988.01,9/9/16,203956,618.12
T103724,C8533389,6/10/84,M,GURGAON,105501.41,1/8/16,200307,715.15
T155362,C5236423,30/4/82,M,THANE,28799.24,3/9/16,152025,720.0
T437342,C7984074,11/10/68,M,NEW DELHI,119416.19,17/8/16,213930,1092.0
T236565,C5538357,15/5/81,M,BANGALORE,32314.77,7/8/16,124918,276.0
T112655,C1738151,25/12/86,M,MUMBAI,24.93,6/8/16,170916,46.0
T70984,C8582413,5/9/87,M,BANGALORE,8329.81,2/8/16,190612,223.5
T907008,C7826734,15/12/61,F,BANGALORE,103039.36,12/9/16,90812,5.63
T538794,C3916672,26/4/90,M,NIZAMABAD,1448.28,23/8/16,90309,10.0
T260102,C1529363,14/7/89,M,NOIDA,480.34,12/8/16,140549,298.0
T159184,C1126085,1/1/1800,M,CHENNAI,149636.72,4/8/16,111347,931.0
T16624,C7928170,22/4/79,M,NORTH 24 PARGANAS,7820.3,26/9/16,191825,2279.0
T620294,C4922382,17/10/92,M,GHAZIABAD,150681.34,28/8/16,635,100.0
T74317,C1620454,12/12/90,F,KANGRA,9801.14,2/8/16,214626,2051.0
T635391,C3724755,27/12/94,M,MUMBAI,48225.22,29/8/16,173411,150.0
T998269,C2671112,26/4/93,M,LUDHIANA,25630.48,14/9/16,72738,43.0
T1004085,C8433338,21/3/84,F,BANGALORE,7.16,14/9/16,172321,150.0
T687598,C8616956,6/2/82,M,CHENNAI,572.98,30/8/16,222912,190.0
T878445,C3821516,19/9/92,F,NAGPUR,5254.74,7/9/16,223253,180.0
T539766,C1122149,30/12/95,M,AGARTALA,11970.85,23/8/16,233813,20632.0
T638087,C8538972,11/12/89,M,KOLHAPUR,,29/8/16,180233,217.0
T846422,C8223119,15/3/88,M,NEW DELHI,10119.27,9/9/16,123613,2600.0
T336018,C6474130,4/10/90,M,AURANGABAD,461.0,14/8/16,75214,1252.0
T397402,C4126947,15/6/87,M,MUMBAI,1908.37,13/8/16,215719,2500.0
T905821,C1614516,29/3/89,F,GURGAON,38368.2,12/9/16,150957,82.24
T423224,C5439517,17/9/85,M,GURGAON,69503.59,17/8/16,140336,2190.0
T582919,C6633085,5/6/88,M,HYDERABAD,25377.9,27/8/16,143527,75690.0
T548220,C6122419,6/10/81,M,AMRITSAR,353.3,23/8/16,184841,100.0
T1004896,C6611962,1/1/1800,F,PUNE,2040875.54,14/9/16,181919,2300.0
T721257,C8611639,30/3/85,M,GANDHINAGAR,7233.15,3/9/16,201809,1650.0
T673364,C1918870,1/6/86,M,CHANDIGARH,19957.76,31/8/16,190650,60.0
T397770,C2473222,15/3/93,F,MUMBAI,8192.5,18/8/16,90954,1065.0
T916688,C5739948,24/11/92,M,GAUTAM BUDDHA NAGAR,6162.43,12/9/16,191245,373.0
T793025,C1835337,20/6/89,M,NOIDA,3066.71,5/9/16,103058,1062.0
T95754,C2816673,30/4/88,F,GURGAON,296.21,1/8/16,142115,250.0
T302109,C7322017,21/5/94,F,KOLKATA,530.01,10/8/16,120639,17.0
T877829,C1828832,29/8/97,M,MUMBAI,247088.52,8/9/16,215658,1161.92
T517593,C5330657,10/12/87,M,BANGALORE,12171.48,19/8/16,222155,951.0
T364293,C6691585,27/11/87,M,NOIDA,44297.53,14/8/16,180600,755.0
T351107,C9035682,22/9/89,F,GURGAON,2940.39,14/8/16,130314,2502.0
T48447,C1722423,4/6/93,M,THANE,7027.26,3/8/16,134824,200.0
T705688,C5925343,8/6/78,M,NASHIK,106880.36,3/9/16,102330,1000.0
T441542,C4815432,7/5/97,M,NELLORE,5876.95,16/8/16,125719,543.0
T400330,C9021154,4/9/65,M,PILANI,427665.74,18/8/16,123930,13687.0
T664663,C4719138,11/1/92,M,PATNA,14443.17,31/8/16,120549,690.16
T250460,C3425992,2/7/92,M,MUMBAI,5613.28,7/8/16,212549,1057.0
T137915,C3512731,7/4/87,F,GURGAON,117687.86,5/8/16,120314,52.0
T779746,C7017760,29/12/89,M,DELHI,89403.14,6/9/16,141001,250.0
T165272,C6827337,10/12/89,M,BANGALORE,15735.53,4/8/16,154240,150.0
T959302,C1898288,16/7/84,M,PUNE,17187.0,10/9/16,193021,258.0
T407255,C3528364,24/9/89,F,INDIRANAGAR BANGALORE,33059.28,18/8/16,181111,246.14
T285077,C7115634,1/9/79,F,AHMEDABAD,102054.74,11/8/16,104240,990.0
T202747,C9017131,1/1/1800,M,MUMBAI,246019.95,8/8/16,92930,3300.0
T545547,C5134659,23/6/89,M,BHILAI,82.66,24/8/16,171935,10.0
T693618,C6331159,1/1/1800,M,NEW DELHI,118604.68,31/8/16,221230,7084.0
T136544,C7536652,1/1/1800,M,NEW DELHI,5412.56,6/8/16,222745,500.0
T574981,C3819982,7/9/93,F,NEW DELHI,738.24,27/8/16,142135,1890.0
T677939,C5135149,26/7/62,M,VADODARA,10770.34,28/8/16,115005,245.0
T446582,C5283266,10/5/88,M,TIRUNELVELI,27027.08,16/8/16,124320,30.0
T953045,C1130314,28/1/80,M,ERNAKULAM,22383.77,10/9/16,194341,1701.0
T1016273,C6225042,10/5/86,F,IMPHAL EAST,5249.14,14/9/16,211421,200.0
T73766,C4232837,5/7/89,F,DELHI,72262.34,2/8/16,172938,100.0
T656036,C6917442,23/7/89,F,BANGALORE,26594.19,31/8/16,184134,317.0
T227932,C7518776,27/2/94,M,DELHI,102761.49,8/8/16,155940,67.0
T340018,C3739887,21/3/76,F,PUNE,168537.34,15/8/16,183226,7300.0
T1047124,C5132030,1/7/53,M,BANGLORE,11461.07,18/9/16,193734,1000.0
T262430,C3223448,4/6/86,M,BANGALORE,11509.43,12/8/16,195232,1283.54
T139501,C6766063,27/3/85,M,CHENNAI,2677.18,5/8/16,102154,10.0
T826920,C3112362,23/11/93,F,MUMBAI,69300.56,4/9/16,110450,373.3
T420838,C5131575,15/8/88,F,DELHI,36286.56,17/8/16,142634,631.0
T264230,C8010375,3/12/87,M,MANDYA,4986.75,12/8/16,172857,1551.0
T159914,C1316451,30/8/90,F,SINGRAULI,4761.28,5/8/16,230628,185.0
T237752,C3020254,16/8/91,M,NOIDA,4.29,7/8/16,164847,95.0
T66734,C5737762,10/1/91,M,MUMBAI,108.44,2/8/16,114047,78.0
T134350,C1035033,10/4/84,M,BANGALORE,556.44,6/8/16,222311,100.0
T55582,C5241948,26/6/75,M,NASHIK,24055.25,3/8/16,191220,2814.0
T302629,C7832563,18/6/86,M,BANGALORE,73.36,10/8/16,143653,300.0
T617987,C6487985,1/1/1800,M,THANE,391962.43,25/8/16,180823,1050.0
T284298,C3029376,7/1/92,M,HYDERABAD,1130.57,11/8/16,130450,1742.5
T829643,C7620177,1/7/89,M,NEW DELHI,4181.86,4/9/16,115449,107.0
T792931,C5420470,1/8/79,M,NAVI MUMBAI,7989.52,5/9/16,123741,454.0
T636892,C2529629,16/11/93,M,NEW DELHI,3910.45,25/8/16,183857,200.0
T485678,C2736563,13/7/90,M,THANE,8731.46,20/8/16,34237,370.0
T895871,C6619117,12/7/86,M,LUDHIANA,31397.85,7/9/16,125308,2806.0
T800981,C8540513,22/1/97,M,MEDINIPUR,32.56,5/9/16,142346,774.0
T56781,C6833335,17/2/86,M,KOLKATA,3340.39,3/8/16,194524,20.0
T270158,C7439745,2/6/87,M,MUZAFFAR NAGAR,24427.92,12/8/16,184743,90.0
T867602,C4597539,2/6/79,F,BANGALORE,115690.34,8/9/16,133343,55.0
T34733,C5511578,22/3/95,M,SHIMLA,203.69,30/9/16,142243,147.0
T1043194,C3339630,20/1/81,M,NEW DELHI,225002.97,18/9/16,114141,4130.0
T938406,C3917249,18/1/78,F,BANGALORE,125871.04,11/9/16,141036,1800.0
T5586,C7334392,1/1/1800,M,MOTHERSON COMPANY FARIDABAD,1167.64,22/9/16,70740,200.0
T296869,C5833174,1/12/84,M,BANGALORE,16335.88,11/8/16,201950,260.85
T412155,C7132857,4/7/92,M,DELHI,88.49,18/8/16,181718,600.0
T364689,C2338861,1/1/1800,M,NEW DELHI,9905.03,14/8/16,192651,1405.0
T365523,C3039589,28/1/85,M,AHMEDABAD,5940.05,14/8/16,195812,50.0
T812878,C7527537,11/5/89,M,CUDDALORE,6442.87,4/9/16,232931,600.0
T163258,C2116822,19/11/75,M,MUMBAI,1129.44,4/8/16,140728,10.0
T242691,C6432513,15/6/94,F,GURGAON,55928.61,7/8/16,190822,286.0
T886056,C8712330,11/11/86,M,MUMBAI,23069.3,7/9/16,205807,1199.0
T855790,C3217347,2/9/92,M,GURGAON,18025.83,9/9/16,223422,2561.0
T882316,C2734344,16/2/89,F,FARIDABAD,4936.09,8/9/16,223720,1000.0
T169474,C8518154,30/6/88,M,MUMBAI,47019.48,4/8/16,183049,50.0
T545944,C3415411,8/11/88,M,BANGALORE,40664.82,24/8/16,185342,492.0
T850546,C3433761,18/5/91,F,BANGALORE,528660.55,9/9/16,3733,24.0
T735480,C6615616,19/3/85,M,MAHAD,2972.18,2/9/16,165651,1450.0
T630543,C1640078,3/3/85,M,MUMBAI,10969.95,29/8/16,132738,300.0
T948996,C8826860,1/8/88,M,CHENNAI,3393.27,11/9/16,213730,265.0
T903141,C6934520,13/12/83,F,NAVI MUMBAI,125336.73,12/9/16,161739,300.0
T207176,C6023432,28/12/84,M,BANGALORE,142.96,8/8/16,115453,500.0
T839195,C6020526,14/9/91,M,GURGAON,2511.85,9/9/16,171552,169.0
T743539,C4661442,18/11/92,M,BHANDARA,7756.05,1/9/16,220828,1184.0
T788384,C6242726,1/8/73,M,KOLKATA,4470.81,5/9/16,85619,2096.0
T1048422,C5114584,5/1/85,M,NEW DELHI,23.24,18/9/16,82432,32500.0
T1037129,C2472541,11/3/95,M,PUNE,13669.48,18/9/16,140146,4400.0
T535161,C3842786,31/5/82,M,SURAT,44981.72,24/8/16,214045,767.0
T918627,C1319141,21/9/85,M,SIRMAUR,11197.6,12/9/16,192936,666.0
T989710,C7223156,21/8/86,M,BANGALORE,8578.07,15/9/16,220339,670.0
T89432,C1527273,17/9/86,F,HOWRAH,1800.33,1/8/16,112115,60.0
T510073,C6072031,5/5/63,M,VAPI,19021.55,19/8/16,114134,4951.0
T1020665,C7039178,14/2/87,F,GURGAON,10463.74,13/9/16,145323,640.0
T939762,C6028634,9/10/78,M,MUMBAI,5668.29,11/9/16,195415,3000.0
T657550,C6012950,2/4/78,M,BANGALORE,59664.7,31/8/16,182254,645.0
T206868,C5318778,1/1/1800,F,MARGAO,59536.79,8/8/16,164637,1000.0
T764438,C5935471,10/7/93,M,VARANASI,14.69,1/9/16,121053,248.0
T649669,C4827857,5/12/86,M,DELHI,6643.86,31/8/16,134202,100.0
T109963,C1541252,10/6/93,M,CHENNAI,10.15,1/8/16,220457,45.0
T181877,C7410563,4/12/85,M,NEW DELHI,373110.85,9/8/16,62612,1119.0
T488367,C6810833,12/6/92,M,TIRUVANNAMALAI,32485.42,20/8/16,184038,150.0
T189628,C2327926,24/6/96,M,BANGALORE,2112.56,9/8/16,171629,200.0
T459931,C8811286,25/4/82,M,KANPUR,14226.23,21/8/16,125222,1052.44
T544731,C5968073,18/7/92,M,CHENNAI,5200.96,23/8/16,41209,30.0
T633104,C1933265,4/7/74,M,CHENNAI,13723.33,29/8/16,173504,1677.56
T761027,C4817590,1/1/1800,M,NEW DELHI,18040.7,1/9/16,161629,1512.94
T228857,C8615341,12/1/89,F,DELHI,78826.37,7/8/16,135033,2555.0
T882541,C4181988,22/7/82,F,MUMBAI,15394.61,7/9/16,195432,407.0
T283864,C5544654,13/4/91,M,KANNAUJ,9916.42,11/8/16,141218,10.0
T138049,C7998263,1/1/93,M,COCHIN,12337.29,5/8/16,111235,50.0
T435941,C3611313,2/9/85,M,NEW DELHI,451575.68,16/8/16,94301,70.0
T437380,C1617339,22/7/86,M,DELHI,9370.41,17/8/16,204845,3435.0
T916947,C3133464,1/1/1800,M,JIND,35105.93,12/9/16,224809,894.83
T362062,C9010524,13/2/37,F,MUMBAI,869.84,13/8/16,913,160.0
T576518,C7411471,12/7/78,M,LUCKNOW,25256.28,22/8/16,201355,809.2
T977002,C8622918,18/5/80,M,MANGALORE,506729.37,15/9/16,142036,120.0
T986658,C3411811,19/5/86,M,JAIPUR,11281.65,15/9/16,190643,200.0
T513936,C5334664,10/6/93,M,BAMBOLIM,18170.67,19/8/16,203052,100.0
T837539,C1183583,,M,BOISAR,8093.64,9/9/16,163101,190.0
T189227,C7421247,6/10/95,F,GURGAON,10795.53,9/8/16,191509,960.0
T597953,C7329325,11/6/71,M,KANCHEEPURAM,9370.67,26/8/16,210152,2750.0
T1048249,C7040531,1/1/1800,M,MUMBAI,253378.18,18/9/16,91840,2549.85
T702968,C6271259,1/1/95,M,NEW DELHI,22808.24,31/8/16,163830,40.0
T922031,C7729952,16/9/91,M,DELHI,975.7,12/9/16,202403,606.9
T4402,C4437418,1/1/1800,M,OXFORD SCHOOL MUMBAI,260500.99,22/9/16,141208,1200.0
T730194,C6545149,4/9/89,M,MUMBAI,73588.16,2/9/16,140044,1181.0
T1009375,C1288363,5/1/89,M,MUMBAI,10025.04,14/9/16,185907,5251.77
T1032996,C1028919,29/1/96,M,GURGAON,35671.32,18/9/16,180534,624.58
T748443,C5727077,9/10/90,F,DELHI,1500.43,2/9/16,223308,1696.0
T646441,C7537529,1/1/1800,F,SHIMLA,8557.01,25/8/16,144343,2799.0
T76188,C3334422,10/6/91,M,DEVANAHALLI BANGALORE,5012.73,2/8/16,183207,100.0
T591259,C6432334,5/11/80,F,MORADABAD,127306.63,25/8/16,125954,8000.0
T1035113,C7931546,25/11/89,F,NEW DELHI,8430.36,13/9/16,1948,1000.0
T411799,C2940487,21/1/49,M,GHAZIABAD,98905.62,18/8/16,213716,1750.0
T880267,C1611257,1/1/1800,M,DELHI,641046.94,7/9/16,235155,107000.04
T661644,C8620445,7/8/78,F,BANGALORE,18319.99,31/8/16,82550,352.0
T520352,C7214949,7/1/91,M,THANE,44889.76,19/8/16,195633,446.31
T349978,C4711528,24/1/76,M,MUMBAI,209579.12,14/8/16,162551,25000.26
T120035,C8736138,14/3/87,F,AGRA,11899.53,6/8/16,144655,193.0
T353120,C6220137,9/8/90,M,NEW DELHI,3798.03,14/8/16,121626,2794.0
T568788,C4438084,23/2/82,M,MUMBAI,12013.94,22/8/16,182002,137.0
T801632,C5130916,19/5/92,M,MUMBAI,13215.66,5/9/16,220149,2000.0
T351534,C7328577,1/1/87,M,BALESHWAR,768.94,14/8/16,123643,585.0
T960461,C2022249,23/8/93,M,AHMEDABAD,5982.87,10/9/16,142118,113.71
T786840,C4526059,11/7/88,M,CHENNAI,27744.25,6/9/16,91516,189.18
T1027024,C2014858,20/8/90,M,GOLAGHAT,25566.3,13/9/16,180723,50.0
T975919,C4721345,21/3/87,F,GURGAON,207824.13,15/9/16,140430,275.0
T359517,C3336949,5/12/87,M,FARIDABAD,4250.34,14/8/16,222933,30.0
T591564,C2317460,6/12/90,F,JEKEGRAM THANE,9250.74,27/8/16,234941,267.2
T279327,C1040724,10/8/83,M,THANE,692.16,12/8/16,224444,1575.0
T608537,C3428659,15/7/83,M,SRIKAKULAM,5546.16,25/8/16,104711,254.0
T602060,C8972590,15/8/93,F,PUNE,18775.76,26/8/16,212356,310.0
T997443,C3369156,29/3/85,M,MUMBAI,71542.84,14/9/16,90609,200.0
T134319,C6256883,23/6/90,M,NEW DELHI,51391.93,6/8/16,165804,29785.0
T964757,C8321553,28/8/78,M,BANDA,42616.12,10/9/16,125145,374.0
T797069,C4326640,19/6/89,M,BERHAMPUR,3768.77,5/9/16,144804,298.0
T21975,C4439857,2/3/86,F,DELHI,119952.7,23/9/16,201810,1000.0
T399640,C2242875,14/7/89,M,GURGAON,15002.44,18/8/16,82807,400.0
T568604,C4933942,7/7/89,F,GURGAON,34436.86,22/8/16,182144,20000.0
T530522,C8473646,10/10/81,M,MUMBAI,362815.22,23/8/16,143652,11999.0
T635662,C8931181,22/1/87,M,JHAJJAR,11.58,29/8/16,114311,150.0
T306422,C8613018,1/1/1800,M,DELHI,213824.09,10/8/16,160202,1512.75
T263980,C7829885,1/11/93,M,MUMBAI,557.96,12/8/16,180220,10.0
T1011160,C3153288,5/5/70,M,HOSUR,370575.22,14/9/16,181258,1000.0
T501971,C6036165,31/5/87,M,BANGALORE,3072.7,20/8/16,202125,331.0
T692904,C5125539,6/10/75,M,HOWRAH,235.87,31/8/16,201923,1458.0
T176374,C7876945,17/3/77,M,MAHALAXMI MUMBAI,2057.61,4/8/16,211754,1300.0
T528821,C1112169,23/11/84,M,HYDERABAD,614156.34,24/8/16,201301,200.0
T759917,C2142031,13/9/95,F,NEW DELHI,10053.89,1/9/16,172631,70.0
T373306,C2110511,1/5/92,F,ADILABAD,6915.51,13/8/16,80659,200.0
T782008,C7420986,2/5/60,F,RD SAKET NEW DELHI,124127.77,6/9/16,140504,6021.0
T465996,C1926411,27/10/84,M,MUMBAI,45470.23,21/8/16,125041,616.5
T893859,C5913047,7/9/84,M,GHAZIABAD,227713.63,7/9/16,134036,4198.0
T356930,C6914369,26/11/91,M,GURGAON,115007.59,14/8/16,180153,691.0
T473675,C7128017,18/1/81,M,MUMBAI,22929.02,21/8/16,220704,390.0
T339988,C8040874,26/2/86,M,MANDI,12778.25,15/8/16,190622,880.8
T75123,C2432470,13/10/85,F,MUMBAI,350530.88,2/8/16,173731,2996.0
T872095,C6235215,10/11/94,F,GURGAON,730803.91,8/9/16,173746,499.52
T178362,C6259044,9/6/77,M,KOLKATA,62576.32,4/8/16,205209,871.0
T125798,C7928422,24/11/93,M,BARNALA,3428.85,6/8/16,210208,300.0
T158706,C5538916,1/1/1800,M,AURANGABAD,10874.44,4/8/16,74301,900.0
T128028,C5028568,23/2/85,M,MUMBAI,213934.73,6/8/16,195600,330.0
T733830,C6232672,25/12/96,M,NOIDA,3701.23,2/9/16,163311,17.0
T506483,C7527675,10/2/93,F,DELHI,4504.82,20/8/16,231916,50.0
T161678,C6417273,1/11/88,M,PANJIM,1303.74,4/8/16,170410,197.0
T256186,C6718553,6/7/84,M,NOIDA,68313.97,12/8/16,150348,255.0
T283228,C1611583,13/3/87,F,BANGALORE,357724.53,11/8/16,53459,60.0
T240752,C4521671,10/7/85,M,DELHI,13522.41,7/8/16,201315,300.0
T628751,C5530339,7/3/86,M,BAHADURGARH,57.61,29/8/16,144527,54.0
T334936,C3738911,5/6/90,M,SION E,30488.33,15/8/16,162005,2020.55
T157022,C3011872,10/4/81,M,BENGALURU,92919.23,3/9/16,162809,488.0
T621247,C5227358,15/7/61,M,CHENNAI,7478.52,25/8/16,165644,289.0
T155111,C5977122,11/7/82,F,GURGAON,55248.39,3/9/16,145605,1233.0
T576537,C5342443,5/2/92,M,ERNAKULAM,3979.16,22/8/16,202121,50.0
T633388,C7129131,23/4/92,M,BHUBANESHWAR,2515.76,29/8/16,213124,2999.0
T173906,C2941912,12/5/92,M,BANGALORE,3.13,4/8/16,200246,200.0
T556607,C4020013,10/9/93,F,BANGALORE,25492.11,24/8/16,155957,140.0
T890562,C5220173,28/5/62,M,BHIWADI,2574.46,7/9/16,190603,238.2
T743288,C2376073,28/3/83,M,NASHIK,405988.15,2/9/16,214342,350.0
T946224,C2027179,26/9/86,M,GURGAON,62840.24,11/9/16,210522,1539.0
T350646,C6974512,15/1/60,M,ALIGARH,12802.72,14/8/16,115653,601.0
T748717,C7711541,26/11/92,F,HYDERABAD,101100.72,1/9/16,224052,2145.0
T837994,C8112690,25/8/88,M,SCHOOL HYDERABAD,1268754.13,9/9/16,70908,0.0
T403703,C9035031,7/2/88,M,AHMEDABAD,8567.06,18/8/16,143716,3767.5
T802038,C2938984,25/11/93,F,BANGALORE,102056.3,5/9/16,193239,361.0
T382641,C1542782,28/6/89,M,BANGALORE,14908.49,13/8/16,180836,1774.0
T884713,C4712985,2/4/78,M,BANGALORE,59664.7,7/9/16,194650,1000.0
T869873,C3568284,12/11/84,M,MUMBAI,119965.29,8/9/16,161042,1337.0
T553688,C6310520,10/1/88,M,DELHI,151.92,24/8/16,141412,200.0
T425846,C1017959,7/9/92,F,DAKSHINA KANNADA,50720.7,17/8/16,131033,505.0
T179964,C1537259,12/10/89,M,FATEHGARH,86.33,9/8/16,85739,27.0
T371045,C5935368,12/6/63,M,THRISSUR,1202773.56,13/8/16,110012,50000.0
T104972,C2867458,24/12/80,M,MUMBAI,14967.42,1/8/16,203408,1660.0
T287331,C2126921,27/9/87,M,DOMBIVALI,1708.3,11/8/16,195351,1400.0
T363214,C3421976,6/11/81,M,BANGALORE,43525.65,13/8/16,1,233.0
T1036791,C1429937,8/5/80,M,GURGAON,50156.13,18/9/16,134928,160.0
T926125,C2329869,5/9/96,M,JAIPUR,6487.87,11/9/16,12345,339.0
T866302,C6371657,15/7/88,M,MEERUT,338386.72,8/9/16,63432,306.14
T220232,C3437868,9/5/89,F,THANE,21300.15,8/8/16,195651,312.0
T220269,C3623619,2/6/92,M,BANGALORE,3035.84,8/8/16,200621,798.0
T663017,C3691986,7/5/87,M,CHENNAI,472.44,28/8/16,215913,1355.0
T35033,C4178785,15/9/80,M,DELHI,12526.98,27/9/16,84707,500.0
T508183,C1630550,3/6/92,M,MUMBAI,42965.16,19/8/16,102101,173.27
T157166,C3368954,26/6/92,M,ALLAHABAD,8577.54,3/9/16,144659,187.0
T62923,C8618614,8/6/86,M,GANDHIDHAM,91597.57,2/8/16,10106,78.0
T621990,C7340436,17/10/85,F,BANGALORE,14786.89,25/8/16,181934,1000.0
T763833,C4339273,29/9/78,F,NEAR GOLOK DHAM DELHI,19786.25,1/9/16,141952,108.0
T524645,C3680053,9/1/88,M,JAIPUR,58804.41,24/8/16,121002,275.0
T238569,C5273229,1/6/88,M,PARK PHASE 1 HINJEWADI PUNE,44721.35,7/8/16,174508,1255.5
T543913,C6712574,12/12/91,M,HYDERABAD,1017.52,23/8/16,200519,200.0
T994831,C3315024,3/8/87,F,BANGALORE,206199.12,15/9/16,204810,216.0
T1043379,C5132784,30/4/95,M,THOOTHUKUDI,6530.27,18/9/16,130713,96.0
T962250,C6826065,2/1/87,M,MUMBAI,54283.71,10/9/16,174709,950.74
T115182,C7429064,3/1/80,M,KARIMNAGAR,1623.65,6/8/16,130400,493.0
T134977,C7230868,24/6/97,M,DELHI,5160.41,5/8/16,123314,20.0
T714978,C4612332,1/1/1800,M,GURGAON,122.97,3/9/16,184431,209.0
T68259,C2241213,23/10/85,M,GULBARGA,13160.62,2/8/16,133525,150.0
T189393,C8022971,7/1/80,F,BANGALORE,33022.88,9/8/16,191020,559.43
T456694,C3727692,25/3/92,M,BANGALORE,17305.37,21/8/16,44632,445.0
T749692,C1635785,10/12/90,F,MUMBAI,26746.44,2/9/16,221945,680.0
T1041542,C5123641,28/9/93,M,NEW DELHI,708153.24,18/9/16,115519,490.0
T262176,C5810020,10/12/92,M,LUCKNOW,1794.68,12/8/16,163918,300.0
T196466,C5890151,28/11/84,M,MOHALI,19512.91,9/8/16,192835,550.0
T200669,C7025682,28/5/85,F,DELHI,144.01,9/8/16,220448,2842.0
T94839,C7641062,12/4/94,M,NEW DELHI,,1/8/16,140955,3789.46
T166728,C9022455,13/7/85,F,MUMBAI,17225.51,4/8/16,90500,450.0
T544695,C8221368,1/1/78,M,STOP KOLKATA,14788.35,23/8/16,220448,150.0
T210629,C1127165,23/12/88,F,NOIDA,53788.83,3/9/16,143531,50.0
T838479,C2313158,31/1/93,M,VELLORE,184.48,9/9/16,175816,55.0
T19937,C8313852,25/7/91,F,HYDERABAD,9081.13,27/9/16,140713,1828.07
T953810,C6111048,1/9/89,F,LUCKNOW,56412.91,10/9/16,191456,675.0
T97443,C2141463,27/11/81,F,BHOPAL,609.98,1/8/16,170510,1559.86
T867283,C1032969,7/7/88,F,MUMBAI,4348.02,8/9/16,162125,1333.0
T85126,C5626955,1/7/84,M,NASHIK,6973.03,1/8/16,81444,198.0
T719376,C6033835,22/2/88,M,BANGALORE,144992.02,3/9/16,211852,1402.13
T337464,C5217825,1/5/93,M,GHAZIPUR,179.47,14/8/16,102308,10.0
T384652,C6029271,8/8/83,M,LUDHIANA,27896.49,13/8/16,190051,7000.0
T690123,C1317385,10/8/86,M,JAMSHEDPUR,0.89,30/8/16,190025,169.0
T427899,C3540719,8/11/42,M,DELHI,398326.19,17/8/16,184609,369.0
T669406,C8111554,18/11/75,M,CHENNAI,1266244.71,28/8/16,152444,825.0
T174104,C1535261,17/10/95,F,KODAGU,17265.6,4/8/16,194642,462.0
T180389,C2327568,5/12/58,M,DEHRADUN,1049252.23,9/8/16,72455,150.0
T806730,C7733387,7/11/89,F,NAGPUR,40179.26,5/9/16,205528,820.0
T732246,C5415691,13/7/93,M,AMRELI,6276.86,2/9/16,112304,1950.0
T334003,C1617979,1/1/1800,M,GURGAON,41411.41,15/8/16,172220,1814.0
T100130,C8746318,15/3/85,M,JAIPUR,17940.56,1/8/16,183112,4587.0
T318351,C5629620,5/6/88,M,TO J P PARK BANGALORE,12784.14,15/8/16,51439,200.0
T1003522,C5615845,23/8/80,M,HYDERABAD,3813.57,14/9/16,170154,784.0
T829382,C3687780,16/7/87,M,HOOGHLY,10848.57,4/9/16,114733,350.0
T1020228,C3725342,1/1/1800,M,NEW DELHI,1629378.7,13/9/16,162047,4502.0
T866344,C2633862,7/5/91,F,GUNTUR,4125.94,8/9/16,165259,10.0
T867277,C5424557,11/10/86,F,FARIDABAD,109525.97,8/9/16,163922,3003.0
T654756,C3411045,1/1/1800,M,MYSORE,59901.09,31/8/16,145445,14496.0
T679894,C2340617,1/1/88,M,HYDERABAD,11866.18,31/8/16,233953,60.0
T519601,C8974146,21/3/89,M,THANE W,3234.34,19/8/16,215813,20.0
T279214,C7338041,15/12/90,M,VISAKHAPATNAM,3084.6,11/8/16,112105,200.0
T340401,C2374811,21/11/82,M,RAJAHMUNDRY,41.19,15/8/16,203121,14288.01
T657227,C8430761,8/8/78,F,VVNAGAR,388.24,31/8/16,124544,150.0
T801577,C3654923,12/5/90,F,MUMBAI,460.04,5/9/16,200150,1178.0
T1033621,C5126947,6/7/91,M,KAITHAL,0.0,18/9/16,184850,250.0
T495721,C6720270,14/4/85,M,KOLKATA,2185.74,20/8/16,233311,3565.0
T130134,C3729828,10/2/97,M,CHANDIGARH,11117.93,5/8/16,22302,1713.0
T360928,C7839628,24/1/94,M,BHUJ,1203.93,13/8/16,1617,199.0
T267403,C7734952,1/11/83,M,MUMBAI,186109.63,3/9/16,110515,2804.0
T504674,C8723746,1/1/1800,M,DELHI,1007.47,20/8/16,221945,607.0
T127110,C2288758,1/1/1800,M,KOLKATA,14870.07,6/8/16,234017,1233.37
T713191,C9034320,13/3/86,M,KOLHAPUR,12910.0,3/9/16,173751,80.0
T277139,C2231354,13/9/88,M,CHANDIGARH,6403.47,11/8/16,13052,320.0
T317121,C4921590,24/12/95,F,MUMBAI,112521.34,10/8/16,185049,750.0
T1038377,C3923625,17/12/91,F,MUMBAI,1981.59,18/9/16,180459,404.0
T837147,C2022358,13/1/90,F,NEW DELHI,7008.85,9/9/16,164407,1317.5
T199780,C4547250,5/7/92,M,LUCKNOW,2521.41,9/8/16,220026,903.0
T609677,C5633526,20/2/80,M,PARGANAS,27980.68,26/8/16,121520,3175.0
T422339,C1655478,7/3/92,F,PATHANKOT,9.68,17/8/16,100320,245.0
T57385,C8942558,1/1/83,M,NAVIMUMBAI NERUL NODE-3 THANE,62.62,3/8/16,230736,1390.0
T412973,C5417436,13/10/94,M,BANGALORE,56662.48,18/8/16,182255,225.0
T279031,C5537818,20/10/88,M,BANGALORE,98529.97,11/8/16,92112,68.0
T457702,C3679852,1/1/1800,M,CHENNAI,1295.92,21/8/16,104928,159.0
T156166,C6115744,14/8/94,F,WARANGAL,12429.18,3/9/16,161934,250.0
T649655,C7041630,21/5/90,M,ARUMBAKKAM,6416.25,31/8/16,133449,52.0
T494554,C7230277,3/9/95,F,NEW DELHI,13.3,20/8/16,154122,150.0
T878143,C2431590,28/1/86,M,MONTEPADAV KEIRANGALA MANGALORE,,7/9/16,221242,245.0
T933989,C4413556,7/11/68,M,CHENNAI,139710.09,11/9/16,134340,13769.0
T791171,C8422076,26/1/91,M,BANGALORE,20824.07,6/9/16,64739,54322.0
T699845,C4922838,22/1/42,F,MUMBAI,75841.89,30/8/16,152554,16990.0
T368421,C8212426,23/2/84,M,RAJAHMUNDRY,6403.16,14/8/16,193815,495.0
T145599,C1011728,12/10/50,M,DELHI,29100.95,5/8/16,201020,958.0
T739864,C6631038,18/7/72,M,SURAT,28625.78,2/9/16,205724,123.0
T988415,C4920944,7/4/88,M,BENGALURU,3040.43,15/9/16,204523,368.0
T709796,C6234438,23/4/83,M,PUNE,21884.21,3/9/16,165538,230.0
T741650,C2342148,10/3/93,F,MUMBAI,275316.16,2/9/16,195643,552.0
T271829,C7539830,19/9/93,M,NEW DELHI,830.91,11/8/16,5157,99.0
T104257,C3021132,16/2/84,M,KOLKATA,526.47,1/8/16,215218,3774.0
T637462,C8840167,16/10/82,M,ROAD ANDHERI (E) MUMBAI,11768.47,29/8/16,184433,62.0
T1039394,C6119165,7/12/88,M,FARIDABAD,18600.87,18/9/16,165148,243.0
T704436,C1714712,5/6/79,M,ALLAHABAD,1740474.25,30/8/16,162841,602.0
T490971,C8764021,3/9/88,M,MUMBAI,17820.7,20/8/16,143633,3121.3
T254709,C5419058,11/8/92,M,DEOGHAR,12889.31,7/8/16,214928,385.0
T717958,C6240380,29/9/76,F,NEW DELHI,805065.05,3/9/16,190827,1299.0
T843438,C3261642,22/8/66,M,MUMBAI,2941.72,9/9/16,125220,330.0
T475088,C7212540,6/7/59,F,DELHI,165030.31,20/8/16,2432,100.0
T963053,C3172473,17/3/92,F,BANGALORE,4341.39,10/9/16,170841,883.0
T482816,C7134158,7/9/90,F,AMRITSAR,42243.68,21/8/16,211056,2094.0
T223273,C6880432,25/11/90,F,KANCHEEPURAM,20332.74,8/8/16,220343,1251.0
T771114,C8421980,28/8/93,M,MADURAI,869.6,1/9/16,70959,200.0
T831208,C7527767,2/8/93,M,SURAT,10039.67,4/9/16,131425,10.0
T986895,C5655428,1/1/1800,F,LUDHIANA,24816.47,15/9/16,74101,4000.0
T78265,C8722842,3/8/87,M,NEW DELHI,15066.2,2/8/16,201004,1150.0
T794601,C8614386,1/1/1800,M,SO MUNDWA PUNE,128698.43,5/9/16,132923,6275.0
T870289,C4222554,29/11/81,M,SANGUR,31334.32,8/9/16,181809,200.0
T169598,C2315659,30/6/95,M,KRISHNARAJPET,6358.52,4/8/16,170019,175.0
T282333,C3950819,9/5/88,M,BANGALORE,18193.71,11/8/16,151305,205.0
T640277,C5311470,22/6/89,M,MUMBAI,53509.6,29/8/16,160801,599.0
T21459,C2735312,7/1/92,F,LUDHIANA,6560.52,23/9/16,204423,32.0
T944382,C6514045,27/11/90,F,GURDASPUR,670.94,11/9/16,214235,199.0
T581746,C4337435,10/4/89,F,THANE,32951.34,27/8/16,115631,526.0
T20474,C9040859,28/8/83,M,BANGALORE,23997.71,23/9/16,204220,17413.0
T603860,C4022888,2/1/90,M,SILIGURI,16292.85,26/8/16,143844,10.0
T475112,C7833428,25/2/66,M,BADDI,11275.28,20/8/16,11345,600.0
T528309,C4146049,3/1/81,F,MUMBAI,54571.16,24/8/16,224459,1983.95
T492888,C5994572,5/5/77,F,MUMBAI,92844.7,20/8/16,193755,1290.1
T513130,C3523532,1/9/76,M,JAIPUR,9507.89,19/8/16,140658,500.0
T111330,C8925070,18/10/90,M,KANPUR,34597.36,6/8/16,105957,5521.0
T799368,C8433082,8/3/77,M,SRINAGAR,40801.42,5/9/16,175241,1791.0
T938622,C2063914,1/7/89,F,KURNOOL,33477.47,11/9/16,192806,2325.0
T162804,C4185538,17/2/63,M,GURGAON,1536244.95,4/8/16,125047,4500.0
T490301,C3716526,30/3/83,F,NEW BOMBAY,89744.49,20/8/16,192526,3083.5
T55904,C8713583,15/10/93,M,GURGAON,0.0,3/8/16,183157,1830.0
T664622,C7934981,22/11/89,M,GURGAON,52889.26,31/8/16,74136,47.0
T358714,C6829163,18/9/80,M,ERNAKULAM,131413.95,14/8/16,180617,3232.0
T868403,C1636946,28/3/85,M,KOLKATA,35875.26,8/9/16,150012,440.0
T428697,C4824951,8/2/92,M,MUMBAI,107.65,17/8/16,154559,255.37
T857876,C4223692,15/2/87,F,MUMBAI,23.14,9/9/16,214145,40.0
T347902,C4026239,14/8/95,M,SURAT,4095.32,14/8/16,145652,50.0
T761859,C2526677,2/1/76,M,AURANGABAD,10504.84,1/9/16,130855,604.0
T242909,C1736687,15/6/69,M,CHENNAI,218674.45,7/8/16,185613,1070.0
T336767,C7619942,4/10/83,M,NORTH 24 PARGANAS,71336.38,15/8/16,172217,100.0
T1035996,C3917371,27/7/93,F,MUMBAI,33283.19,18/9/16,172626,189.0
T660418,C3835871,20/4/86,M,KOLKATA,31.59,31/8/16,10300,69.0
T934528,C4835818,8/5/93,M,JALAUN,6155.24,11/9/16,132803,315.0
T403483,C6926046,12/8/85,M,UDAIPUR,1611.13,18/8/16,143803,750.0
T495269,C4616749,22/7/81,F,DELHI,68248.9,20/8/16,172024,1350.0
T253588,C2613259,9/10/80,M,NEW DELHI,435557.31,12/8/16,94915,35.0
T887645,C1035524,12/4/87,M,SHAMSHABAD,16684.57,7/9/16,191013,500.0
T505972,C5261318,14/12/91,M,PANCHKULA,19812.53,20/8/16,214136,348.0
T389065,C8913464,23/12/91,F,UDAIPUR,61847.95,13/8/16,193437,550.0
T869257,C5232745,13/6/80,F,NAGPUR,104546.19,8/9/16,191342,145.0
T95138,C8817055,9/5/93,M,BHAVNAGAR,18273.9,1/8/16,160246,770.0
T413341,C5516738,1/6/71,M,VIMANNAGAR NAGAR ROAD PUNE,31990.69,17/8/16,64651,200.0
T319601,C7542447,27/8/94,M,FARIDABAD,2491.41,15/8/16,122812,10.0
T729899,C6310833,21/7/77,F,BOKARO,65989.73,2/9/16,142145,1.0
T75324,C5825367,27/12/90,M,MUMBAI,4191.06,2/8/16,91257,300.0
T872143,C2213570,27/7/93,F,RANCHI,25534.28,8/9/16,184938,235.0
T989808,C1792834,11/9/84,M,CHENNAI,14206.75,15/9/16,190313,200.0
T652187,C4111939,1/1/1800,M,BANGALORE,239465.58,31/8/16,133137,2700.0
T624154,C1321078,11/12/92,F,NASHIK,11387.97,25/8/16,190628,110.0
T589148,C8534746,1/5/85,M,HYDERABAD,37812.49,22/8/16,205254,55.0
T601719,C3228313,28/11/84,M,PUNE,215284.32,26/8/16,171441,933.91
T581427,C6020129,17/10/81,M,MUMBAI,24897.36,27/8/16,143101,904.0
T151846,C2063739,15/5/52,M,KURALI,114099.59,4/8/16,91831,1512.75
T1038584,C1616914,7/2/92,M,PARVATIPURAM,19345.91,18/9/16,164623,100.0
T484677,C5734836,29/8/81,M,JALANDHAR,4688.96,20/8/16,152154,100.0
T608252,C6221561,3/11/93,F,MUMBAI,6530.16,26/8/16,131932,245.0
T504698,C3540024,26/6/92,M,DAKSHINA KANNADA,7054.64,20/8/16,215157,135.0
T227450,C1212326,28/10/87,M,MOHALI,21189.79,7/8/16,1224,50.0
T436892,C8515689,16/6/79,M,SHIMLA,11991.44,16/8/16,122753,500.0
T235064,C1844216,29/2/76,M,BANGALORE,219069.16,7/8/16,135130,908.0
T853762,C7335167,28/12/94,M,GURGAON,6983.86,9/9/16,221555,320.0
T836059,C6923153,15/7/96,M,FAIZABAD,734.18,9/9/16,185757,100.0
T285127,C8218350,10/4/91,F,REWARI (HARYANA),34809.39,11/8/16,134635,1643.0
T440375,C7325925,1/2/80,M,NEW DELHI,1085690.26,16/8/16,140238,2000.0
T808207,C6413940,15/1/86,M,LUCKNOW,33511.1,4/9/16,234303,310.0
T251121,C4711590,14/3/91,F,GURGAON,17214.13,7/8/16,203505,2209.81
T564381,C4729042,29/9/90,M,NEW DELHI,107022.36,27/8/16,145054,6219.0
T902282,C7149777,18/4/90,M,NALGONDA,11348.15,7/9/16,44825,400.0
T156801,C6325326,23/3/92,M,JODHPUR,14882.92,3/9/16,160858,1999.0
T875004,C6311264,30/11/83,M,BANGALORE,103205.33,8/9/16,185701,145.0
T893336,C4137750,4/1/91,M,NAVI MUMBAI,79.61,7/9/16,142256,1800.0
T136535,C8510278,1/3/80,M,TEHRI GARHWAL,149425.48,6/8/16,221923,250.0
T917902,C5417175,1/1/1800,M,CHENNAI,1974.76,12/9/16,210214,4000.0
T325161,C8114745,6/5/49,F,AHMEDABAD,230.35,15/8/16,102216,38.0
T142305,C3010032,5/4/86,M,NEW DELHI,5615.53,5/8/16,173143,659.0
T646289,C5636188,16/12/85,M,FARIDABAD,51538.64,25/8/16,195837,600.0
T57854,C6625428,,M,MUMBAI,5033.94,3/8/16,212816,144.0
T216336,C8310360,22/2/96,M,GURGAON,8533.96,8/8/16,164521,395.0
T483389,C8396440,29/4/76,M,MUMBAI,862.8,21/8/16,225154,2330.0
T157705,C1626433,3/7/84,F,FARIDABAD,460771.69,3/9/16,161839,3500.0
T437795,C5233227,6/8/90,M,LAXMINAGAR,15.76,16/8/16,114817,30.0
T542205,C1419048,23/9/87,F,KOLKATA,12239.6,23/8/16,234348,21.0
T682675,C6236648,11/12/81,M,JAIPUR,23872.19,28/8/16,125849,960.0
T385633,C6630580,7/9/92,M,NAINITAL,1109481.24,13/8/16,163849,2186.0
T390876,C1130922,5/6/83,M,THANE,37439.76,13/8/16,193024,2938.4
T494180,C1442467,11/12/85,M,MEDAK DIST,8825.93,20/8/16,190308,300.0
T820234,C2336420,26/5/92,F,DELHI,39226.37,4/9/16,192749,2287.0
T55396,C2115063,20/12/91,F,JAIPUR,2934.96,3/8/16,194429,2007.0
T425949,C4024287,11/3/86,F,BANGALORE,957.21,17/8/16,163144,189.45
T661342,C1718816,8/8/70,F,GURGAON,146.6,28/8/16,202528,435.32
T324301,C3720632,5/8/86,F,MUMBAI,61634.07,15/8/16,102328,286.46
T786952,C3996617,7/5/81,M,TEHRI GARHWAL,148505.58,6/9/16,100806,250.0
T465035,C7913087,30/11/91,M,NEW DELHI,13638.88,21/8/16,185825,321.0
T486201,C1918284,24/3/88,M,NAVI MUMBAI,1832.52,20/8/16,12201,200.0
T785939,C4421590,4/9/91,M,JODHPUR,6384.49,6/9/16,113340,1852.0
T953215,C6718748,14/6/90,F,NEW DELHI,18207.95,10/9/16,184229,290.0
T103946,C1611250,14/12/90,M,NEW DELHI,70.93,1/8/16,193001,200.0
T478506,C6436927,1/1/1800,M,RAIPUR,188.69,21/8/16,204423,1799.0
T823409,C5427966,6/10/94,M,MUMBAI,382.27,4/9/16,134840,222.65
T46159,C7039072,2/10/63,M,SIVASAGAR,5.15,3/8/16,130732,360.0
T972902,C8341862,1/1/1800,M,NEW DELHI,40509.22,10/9/16,115719,500.0
T921296,C4226055,16/3/85,M,NAVI MUMBAI,3773.46,11/9/16,24956,240.0
T293152,C6614381,11/2/43,M,ZIRAKPUR,27179.37,11/8/16,201616,5060.0
T579405,C8513019,17/2/88,M,CHANDIGARH,275966.6,27/8/16,152303,635.0
T906596,C4380161,15/7/93,M,MUMBAI,24050.11,12/9/16,144246,200.0
T639272,C6222252,3/3/81,M,REWARI,14.38,25/8/16,190608,200.0
T892410,C6210176,1/10/83,M,VIJAYAWADA,23.74,7/9/16,151708,2495.0
T303265,C4526171,22/7/91,F,NOIDA,226.15,10/8/16,133504,184.0
T768266,C1117079,10/4/95,F,SIVASAGAR,651.39,1/9/16,22146,70.0
T712150,C5236275,26/5/83,M,KASARGOD,0.0,3/9/16,171535,359.0
T742197,C4711942,26/4/77,M,NEW DELHI,51193.56,2/9/16,205456,886.0
T304485,C2032529,12/3/37,M,GURGAON,740143.48,10/8/16,130334,1576.0
T96579,C2911291,14/3/84,F,LUCKNOW,982.34,1/8/16,195230,953.0
T14361,C8330418,26/3/93,M,GURGAON,11620.36,26/9/16,171756,30.0
T65189,C3840055,8/1/80,M,JAMSHEDPUR,964.23,2/8/16,113544,80.0
T341649,C1026277,19/7/90,M,SAS NAGAR,5765.34,15/8/16,195435,150.0
T923109,C6715075,18/1/83,M,NAVI MUMBAI,20686.14,12/9/16,224338,350.0
T523170,C8233046,10/5/92,M,GURGAON,27579.08,24/8/16,111625,240.0
T698763,C6710447,23/6/89,F,BANGALORE,79529.17,31/8/16,195641,399.0
T259843,C5614570,26/7/88,M,PANCHKULA,52988.3,12/8/16,153943,375.0
T732538,C4812062,16/3/75,M,BANGALORE,308775.78,2/9/16,133818,517.0
T89516,C3892430,28/5/89,F,GURGAON,99476.63,1/8/16,180346,14500.0
T385874,C8116939,12/11/97,F,SHIMLA,20994.37,13/8/16,170710,499.0
T846773,C7223035,12/9/94,M,FARIDABAD,3.72,9/9/16,101922,50.0
T678438,C5742619,20/8/81,M,KOLKATA,1936140.63,28/8/16,131902,9596.0
T8185,C2667833,22/1/90,M,AURANGABAD,10576.34,25/9/16,204104,100.0
T1012888,C4512885,1/1/1800,F,GAUTAM BUDDH NAGAR,225673.6,14/9/16,212902,865.0
T420865,C2824753,8/8/89,M,NEW DELHI,102871.76,17/8/16,81151,1149.0
T60210,C7429448,12/9/80,M,GHAZIABAD,28836.41,3/8/16,204722,1509.0
T355964,C3535238,26/5/64,M,SHILLONG,137645.76,14/8/16,143551,2104.0
T83705,C3517212,3/8/91,F,REWARI,12856.87,2/8/16,205835,1008.63
T739854,C8889984,11/9/93,F,MUMBAI,217430.2,2/9/16,182045,650.0
T502197,C5528727,20/9/90,M,NOIDA,315728.31,20/8/16,222621,152.0
T673752,C7532755,1/1/83,M,GURGAON,46214.37,28/8/16,180035,685.0
T692656,C1430911,7/4/92,M,KOLKATA,25000.01,31/8/16,195053,836.0
T721092,C5010224,27/12/85,M,MUMBAI,71107.96,3/9/16,213007,5350.0
T540902,C8532813,17/10/88,M,NEW DELHI,36848.11,23/8/16,105552,1900.0
T385489,C8137847,24/2/86,M,SAS NAGAR,442032.43,13/8/16,193147,1493.65
T774187,C4424376,18/3/89,F,BANGALORE,54678.27,6/9/16,190320,435.0
T250192,C8830035,12/11/94,F,MUMBAI,9821.4,7/8/16,151213,525.0
T583694,C8556826,1/1/1800,M,HYDERABAD,43760.82,27/8/16,115237,469.65
T413415,C1818481,29/4/84,F,SILIGURI,1686.67,18/8/16,193505,100.0
T848038,C2856323,16/2/90,M,BANGALORE,21657.54,9/9/16,72945,776.0
T652786,C6912734,1/3/95,M,GUWAHATI,33058.88,31/8/16,113138,600.0
T474318,C6287064,22/10/90,F,PATIALA,14263.92,21/8/16,233018,495.0
T63225,C3968315,16/8/87,M,YEHAKANKA BANGALORE,259.97,2/8/16,70901,655.0
T803877,C3636189,20/5/94,M,SANGLI,4769.45,5/9/16,183404,12.0
T18721,C8634478,2/3/94,F,LUCKNOW,5528.36,26/9/16,190425,40.0
T860086,C2524941,19/2/80,M,JAIPUR,34533.87,9/9/16,230725,892.0
T693184,C2529353,3/5/92,M,LUCKNOW,49829.12,30/8/16,200244,1444.0
T42013,C3811566,19/6/80,M,MARKET YARD PUNE,25893.41,3/8/16,112338,2146.0
T634675,C7641150,1/8/89,M,HASSAN,7.02,29/8/16,174941,500.0
T854436,C3617641,27/10/79,M,DASUYA,8949.25,9/9/16,224330,400.0
T313134,C7310482,3/8/83,M,VISAKHAPATNAM,447.74,10/8/16,205253,496.0
T633987,C8020530,20/1/82,M,GHAZIABAD,37895.39,29/8/16,205334,136.0
T603869,C7942270,12/12/85,F,MUMBAI,12166.67,26/8/16,171329,941.0
T527771,C2827363,10/3/69,F,GUWAHATI,25837.04,24/8/16,124140,1200.0
T779457,C6921956,28/10/96,F,BHIWANI,7173.11,6/9/16,195216,787.0
T632628,C5297286,16/10/76,M,BANGALORE,636230.2,29/8/16,123659,140.0
T578880,C3933661,2/6/82,M,HYDERABAD,15078.17,27/8/16,122050,199.0
T257361,C7523890,26/4/75,F,NOIDA,769951.62,12/8/16,124412,3290.21
T273102,C4333713,5/8/81,M,MUZAFFARPUR,58066.21,12/8/16,213841,125.0
T480882,C2710978,12/8/81,F,MUMBAI,83197.57,21/8/16,202419,2420.0
T863679,C1728613,15/7/83,M,SRIKAKULAM,5546.16,8/9/16,110546,100.0
T34255,C2642023,7/1/46,M,KOLKATA,18280.25,26/9/16,131548,1560.0
T864381,C4092751,10/10/75,M,MUMBAI,82942.05,8/9/16,123213,3351.0
T887639,C1947152,28/10/88,F,GHAZIABAD,26088.77,7/9/16,190329,100.0
T715546,C6313642,19/11/92,M,MUMBAI,2977.48,3/9/16,201434,310.0
T474438,C8912051,24/5/87,F,KOLKATA,7805.59,21/8/16,211503,50.0
T616783,C5442233,8/5/67,M,NEW DELHI,10156.77,26/8/16,124005,44.0
T708783,C2910653,7/3/90,M,CHENNAI,6708.96,3/9/16,74815,96.0
T883010,C4437011,18/3/91,M,MANDAPETA,1.1,7/9/16,232540,101.15
T527854,C8731988,4/10/77,M,BARNALA,8204.9,24/8/16,210434,179.0
T21828,C1218241,18/5/88,M,MUMBAI,300427.91,23/9/16,123655,300.0
T132501,C5747641,4/8/64,F,KATRAJ MUMBAI HIGHWAY NARHE PUNE,8042.15,5/8/16,103524,170.0
T328470,C8338521,16/6/83,M,BANGALORE,38595.71,15/8/16,181812,15000.0
T203224,C5521170,2/1/88,M,HALOL,8539.44,8/8/16,94200,100.0
T508276,C7217374,15/4/90,M,KARIMNAGAR,220.48,19/8/16,115502,30.0
T9516,C2110116,28/12/53,F,MUMBAI,1006187.2,27/9/16,190844,3500.0
T769299,C4064971,14/1/89,M,BANGALORE,6.73,6/9/16,223705,200.0
T895794,C5535534,11/4/82,F,VISAKHAPATNAM,11468.84,7/9/16,154322,150.0
T673769,C3435745,26/1/94,M,MUMBAI,21903.05,28/8/16,132158,12500.0
T214159,C1317474,1/1/1800,M,JAIPUR,11.39,8/8/16,160458,200.0
T515645,C2731391,17/6/88,M,MUMBAI,7296.07,19/8/16,222745,420.0
T828317,C7512340,20/6/90,F,THANE,3347.68,4/9/16,120047,159.0
T266199,C8795858,3/7/88,M,KAITHAL,9872.88,3/9/16,111456,500.0
T1042131,C1835676,15/6/96,M,MEERUT,1464.33,18/9/16,140624,100.0
T348015,C7623213,20/11/81,M,DELHI,782689.86,14/8/16,90108,1291.0
T958452,C3819617,28/12/54,M,NEW DELHI,25525.44,10/9/16,85202,199.5
T103552,C5416645,21/7/85,M,DELHI,39108.68,6/8/16,122125,67.97
T665788,C1726858,1/1/1800,M,KOLHAPUR,167341.27,31/8/16,95704,730.0
T363255,C3987837,21/3/92,M,MUMBAI,102856.46,14/8/16,182120,200.0
T141852,C7112824,10/10/84,M,DELHI,10582.88,5/8/16,174245,306.0
T360698,C6931636,12/12/77,M,VELLORE,14980.26,14/8/16,181854,1150.0
T662070,C8639591,1/1/1800,M,PUNE,120.82,31/8/16,111317,674.0
T901422,C6462783,18/12/83,M,PUNE,91.95,7/9/16,104745,3339.0
T217633,C6939158,30/11/88,M,ANDHERI W MUMBAI,22120.5,8/8/16,183839,5494.0
T404503,C2589979,27/9/84,M,POST NAROLI,29404.85,18/8/16,154340,50.0
T1044098,C7368566,4/6/84,F,MUMBAI,87269.9,18/9/16,94621,1375.0
T617217,C3428348,21/6/52,M,NEW DELHI,54311.94,26/8/16,132945,2000.0
T456179,C3131886,18/4/87,M,GURGAON,78.68,21/8/16,31619,57.0
T742226,C8927957,27/12/87,F,CHENNAI,2408.66,2/9/16,211946,412.0
T774087,C4334359,17/1/89,M,MUMBAI,7515.3,6/9/16,204105,297.3
T159586,C1317935,26/11/88,M,SONARPUR,14447.59,4/8/16,91446,200.0
T367631,C5225254,29/9/80,F,ANAND,94276.45,14/8/16,194136,776.0
T554592,C4231043,24/1/93,F,AGRA,97.95,22/8/16,34441,100.0
T582843,C4839176,18/11/83,F,KARNAL,12970.46,23/8/16,154516,3104.0
T968460,C1837145,1/2/92,M,MAU,7880.03,10/9/16,145202,96.0
T654416,C3872214,1/1/1800,M,GURGAON,177.93,31/8/16,131814,1011.0
T675667,C4640613,9/5/85,M,JAGATSINGHPUR,539.85,28/8/16,1124,50.0
T39883,C7636676,2/7/90,M,MOHALI,10739.57,22/9/16,24936,522.0
T978251,C4726759,25/5/91,F,BANGALORE,7760.59,15/9/16,145213,150.0
T228086,C6023180,2/5/80,M,BANGALORE,11784.37,7/8/16,143557,447.0
T948738,C4823456,11/12/91,M,GUWAHATI,13508.74,11/9/16,203210,3000.0
T721380,C6434151,30/5/76,M,HOSUR,21174.02,3/9/16,213005,1241.0
T939258,C8837046,12/9/87,F,CHITTO0R,34676.52,11/9/16,154909,1050.0
T313187,C1737279,14/8/81,F,NEW DELHI,20494.87,10/8/16,194906,200.0
T473696,C7419312,29/11/78,F,NAGPUR,317.38,21/8/16,220456,660.0
T445498,C8639372,18/8/59,M,CHENNAI,13629.05,16/8/16,113710,500.0
T912947,C1138650,13/3/90,M,SANGLI,15809.68,12/9/16,182004,561.5
T56737,C7314657,13/6/76,M,CHENNAI,6768.2,3/8/16,194010,540.0
T1037980,C7237231,23/3/93,M,BANGALORE,1865.04,18/9/16,160534,147.0
T852443,C6721464,1/1/1800,M,GURGAON,893.41,9/9/16,213743,284.0
T715067,C6464263,28/4/88,F,NEW DELHI,1022.23,3/9/16,195121,7200.0
T560238,C5912783,13/11/93,F,SECUNDERABAD,96.02,22/8/16,150821,239.0
T94737,C2418891,15/6/55,F,NEW DELHI,1422254.47,1/8/16,162609,2583.3
T814199,C4427869,3/8/90,M,MOHALI,13853.27,4/9/16,201010,198.0
T701191,C5241835,18/12/78,M,NOIDA,317165.75,30/8/16,95718,578.79
T554317,C8746158,22/8/85,F,FARIDABAD,43115.93,24/8/16,162546,459.0
T771523,C3912214,18/10/67,M,DELHI,253021.31,6/9/16,230117,2007.0
T619182,C7123649,15/1/78,F,AMRITSAR,21160.35,27/8/16,201134,1449.0
T876070,C4110990,10/4/88,M,REWARI,2687.78,8/9/16,232940,50.0
T691458,C3933561,2/10/77,M,FUJAIRAH,10460.98,31/8/16,203112,805.0
T735077,C7837264,24/7/88,M,KHARAR,223348.71,2/9/16,130845,11300.0
T1003289,C6720713,17/12/95,F,MUMBAI,47921.25,14/9/16,193031,36.92
T405985,C2310818,4/7/80,M,NEW DELHI,23345.26,18/8/16,163534,182.82
T700036,C2039851,4/2/88,M,BANGALORE,35781.54,30/8/16,155901,1140.0
T247507,C7038775,19/12/89,M,GURGAON,288908.35,7/8/16,221254,2177.0
T574354,C5917189,24/9/91,M,BANGALORE,53.3,22/8/16,212147,174.06
T218559,C7194738,20/3/80,M,DIST-PUNE PUNE,25548.93,8/8/16,200047,410.0
T526222,C4514713,17/11/81,M,JAGADHRI,27899.27,23/8/16,170035,250.0
T719828,C1128689,28/3/89,M,DURG,27295.7,3/9/16,213631,21.0
T362789,C8336288,16/7/86,M,GURGAON,10789.66,14/8/16,164051,250.0
T750236,C9063613,1/5/68,M,BARODA,18351.79,2/9/16,224612,300.0
T187437,C2228517,22/7/62,F,BANGALORE,18723.43,9/8/16,141245,130.0
T769945,C6621211,6/6/94,M,RANGA REDDY,6629.81,6/9/16,160529,156.0
T283520,C7538456,26/8/84,M,BANGALORE,11021.34,11/8/16,131804,16025.31
T926275,C3330115,12/6/91,M,GURGAON,9501.07,11/9/16,121037,190.0
T441793,C6023146,2/7/76,F,GREATER NOIDA,824.48,16/8/16,123528,197.5
T1036845,C2016447,2/12/92,M,MAHALPAT KANGRA,2542.6,18/9/16,172645,673.0
T296063,C6814848,7/2/92,M,GHAZIABAD,18902.63,10/8/16,24345,300.0
T1019279,C3012934,,F,MUMBAI,84098.47,13/9/16,184606,6002.1
T1021624,C4986871,15/1/83,F,AGRA,9815.68,13/9/16,203321,777.0
T636419,C5925766,2/9/85,M,KANPUR,275608.36,25/8/16,214805,10.0
T61113,C8210244,13/12/89,M,NEW DELHI,50.54,3/8/16,201023,50.0
T447209,C6828386,27/8/69,M,K V RANGA REDDY,70.7,16/8/16,133717,453.0
T994357,C5894525,8/6/88,M,CHENNAI,18328.24,15/9/16,204350,95.0
T617439,C5615389,15/12/84,M,DELHI,14265.2,22/8/16,223514,450.0
T302680,C7342486,10/7/83,M,GURGAON,17148.56,10/8/16,141034,990.0
T409791,C3623062,24/7/84,M,CHENNAI,56202.21,18/8/16,191450,393.0
T494398,C4310723,25/8/93,M,BANGALORE,18498.78,20/8/16,200912,200.0
T483253,C2032831,17/9/88,M,KHAMMAM,11083.07,20/8/16,141121,97.0
T222027,C1922914,29/5/91,F,MUMBAI,65491.61,8/8/16,214052,301.0
T743857,C8538539,10/4/82,M,NADIAD,10476.46,1/9/16,225635,150.0
T159531,C2522258,25/8/85,M,HYDERABAD,11734.08,5/8/16,221300,785.4
T366555,C2037637,27/2/88,M,DELHI,20.24,14/8/16,190612,100.0
T443330,C2242333,1/3/90,M,NEW DELHI,162451.35,16/8/16,112924,310.0
T263591,C2237666,6/8/80,M,MELBOURNE,12574.37,12/8/16,171541,8935.0
T778656,C6513040,1/1/1800,M,NEW DELHI,111674.02,6/9/16,172015,200.0
T281238,C4570314,14/5/40,F,CURCHOREM SOUTH GOA,6796.44,11/8/16,110614,100.0
T295466,C5389840,2/11/96,M,GHAZIPUR,12.33,11/8/16,202937,499.0
T609368,C8138366,21/6/93,M,CHANDRAPUR,21133.73,26/8/16,32604,149.0
T776189,C1119985,7/6/75,M,ZIRKPUR,35142.17,6/9/16,184923,2700.0
T183831,C5414016,5/7/87,M,GURGAON,1357.33,9/8/16,114324,40.0
T90322,C4439363,25/12/88,M,BANGALORE,15887.3,1/8/16,105732,255.0
T758897,C2541269,24/6/52,M,GHAZIABAD,22775.48,1/9/16,155833,4777.81
T1004409,C7922358,26/9/88,F,KRISHNA,29701.26,14/9/16,193808,360.0
T896003,C7224347,23/11/90,M,DELHI,104125.15,7/9/16,141103,137.0
T78085,C3711482,12/7/78,M,LUCKNOW,25256.28,2/8/16,204012,606.9
T904894,C3514935,22/2/94,M,KAITHAL,3417.78,12/9/16,134936,30.0
T1003440,C5792431,2/10/81,M,HOWRAH,20457.2,14/9/16,145427,466.0
T110847,C6729453,26/7/87,M,MUMBAI,3751.76,6/8/16,104756,100.0
T242237,C2837188,23/7/85,F,NEW DELHI,252113.99,7/8/16,153356,472.0
T118140,C5430472,27/9/89,F,BALRAMPUR,398.79,6/8/16,151758,1730.0
T805955,C5921779,11/1/81,M,EAST GODAVARI,9852.73,4/9/16,214608,199.0
T192920,C3427818,7/11/83,M,NEW DELHI,123247.77,9/8/16,181123,225.0
T447231,C3335615,1/1/1800,M,TIRUPUR,9422.08,16/8/16,134812,2431.0
T781003,C3097322,6/3/81,F,BANGALORE,375063.77,6/9/16,143932,1024.73
T433371,C7412680,13/5/90,M,NOIDA,23.83,16/8/16,5841,10.0
T576644,C6323377,4/10/54,M,GREATER NOIDA,20770.16,22/8/16,214927,367.0
T984304,C1919860,17/7/92,F,NOIDA,106182.74,15/9/16,184129,459.0
T603421,C7264453,7/4/59,M,BHARUCH,5259.78,26/8/16,204330,1235.0
T901097,C8033446,1/1/1800,M,N T PUNE,181600.42,7/9/16,50906,260.7
T316209,C2825859,2/6/88,M,NOIDA,957.25,15/8/16,13345,1232.0
T843412,C1729543,28/9/76,M,MUMBAI,1074183.99,9/9/16,125528,1005.0
T649761,C1436050,14/8/70,M,GURGAON,20568.33,25/8/16,164554,500.0
T899191,C3440729,29/9/87,F,KOTTAYAM,4971.1,7/9/16,92254,251.0
T713394,C2235738,16/4/78,F,NOIDA,292143.52,3/9/16,171528,985.0
T404804,C7830819,3/10/77,F,NEW DELHI,43086.57,18/8/16,161704,1500.0
T393208,C3740833,2/1/73,M,NORTH 24 PARGANAS,20915.75,13/8/16,192133,1700.0
T385049,C2329664,10/1/90,M,IND EST ANDHERI (W) MUMBAI,102.2,13/8/16,155956,900.0
T459841,C5017477,16/8/91,M,NOIDA,8261.93,16/8/16,193635,95.0
T611100,C1929225,20/8/89,M,RAIGARH CG RAIGARH,987.61,25/8/16,90146,100.0
T242582,C7799449,1/1/1800,M,GURGAON,1006245.52,7/8/16,181634,2912.0
T273438,C7418781,7/5/82,M,NEW DELHI,6117.87,12/8/16,194631,90.0
T321437,C1837015,31/12/91,M,GHAZIPUR,4539.3,15/8/16,114842,817.0
T966300,C6942729,1/9/84,F,GURGAON,106729.01,10/9/16,125705,17100.0
T715242,C8524550,31/8/91,M,VADODARA,17510.48,3/9/16,194248,8587.0
T761383,C4326481,27/11/88,F,PUNE,19765.6,1/9/16,150938,849.0
T203398,C4329454,13/7/91,M,NOIDA,72476.67,8/8/16,103312,550.0
T323567,C3858417,12/6/90,M,PONNERI,676.99,15/8/16,160832,10000.0
T218996,C4440765,14/6/97,F,JAIPUR,,8/8/16,193119,188.0
T483434,C2627817,5/12/86,M,DELHI,6643.86,20/8/16,4839,71.0
T903999,C3827369,14/9/95,M,SIROHI,44902.32,7/9/16,65706,120.0
T632048,C8382927,26/7/75,M,PARGANAS TWENTY FOUR PARGANAS,5348.48,29/8/16,113835,174.0
T272473,C1836248,28/4/93,F,DELHI,15325.14,12/8/16,211844,959.04
T782230,C7477420,10/10/89,F,NOIDA,225067.43,6/9/16,151342,155.0
T320877,C5732228,21/1/82,M,BANGALORE,1679.24,15/8/16,120113,1000.0
T74182,C4738248,28/3/63,M,KOLKATA,46.17,2/8/16,183842,1623.0
T57074,C8711219,1/5/85,M,LUCKNOW,19279.3,3/8/16,203337,120.0
T510480,C3910215,20/8/60,M,BANGALORE,4911718.1,19/8/16,190830,3112.0
T144580,C7242084,21/5/93,F,BANGALORE,16078.97,5/8/16,200801,25.0
T321043,C7335968,6/9/77,F,BANGALORE,2159.53,10/8/16,210928,549.0
T495448,C7349234,3/9/82,M,BANGALORE,53610.05,20/8/16,212700,702.0
T332469,C7025335,7/3/87,M,MANGALORE,72118.89,15/8/16,165354,379.0
T712787,C6632834,27/7/90,M,DELHI,2951.19,3/9/16,173221,510.0
T771054,C6638653,16/7/85,M,SANGLI,24571.59,6/9/16,210208,21.0
T472637,C1537216,31/3/72,M,CHENNAI,34704.33,21/8/16,211812,731.0
T277084,C8571417,12/9/86,F,DELHI,71403.21,11/8/16,73642,1000.0
T1025380,C1510549,28/7/95,M,DEHRADUN,111.83,13/9/16,153004,100.0
T103117,C7240675,22/11/89,F,NEW DELHI,29617.65,6/8/16,115720,345.0
T141744,C6123390,10/8/76,M,MUMBAI,2748.4,5/8/16,150107,505.0
T706565,C5033188,30/7/83,M,NEW DELHI,18802.32,30/8/16,113831,500.0
T401601,C8541382,13/10/94,M,CHAMARAJANAGAR,809.63,18/8/16,142036,24.0
T447296,C5737278,19/2/79,M,RANCHI,178610.9,16/8/16,174152,2680.0
T626008,C6916052,20/8/77,F,NEW DELHI,27088.79,25/8/16,173816,3000.0
T371122,C3813754,1/1/1800,M,HOSUR,13801.72,13/8/16,52423,251.0
T694455,C7212132,9/3/68,M,AHMEDABAD,16285.46,31/8/16,224910,1000.0
T372114,C5023576,24/9/97,M,BANGALORE,7910.39,14/8/16,211134,235.0
T456165,C5037554,10/1/87,M,MUMBAI,252599.77,21/8/16,3444,594.91
T488226,C5971431,12/9/86,F,DELHI,71403.21,20/8/16,170115,3665.0
T664793,C1839532,1/1/1800,M,NAROL AHMEDABAD,318137.54,28/8/16,165237,10000.0
T913012,C7420735,3/7/84,M,DELHI,19983.4,12/9/16,104221,7054.0
T3049,C2313633,,M,NEW DELHI,29854.14,21/10/16,154905,480.0
T894017,C4226845,4/12/84,M,HYDERABAD,1208220.92,7/9/16,130952,200.0
T837925,C7116132,7/3/89,M,THANE,4261.79,4/9/16,33123,100.0
T125749,C3928869,7/5/88,M,NEW DELHI,24228.94,6/8/16,233002,645.23
T343782,C5978689,16/12/88,F,GURGAON,1370.89,15/8/16,194316,250.0
T925493,C6865622,6/3/90,M,KOLLAM,21237.6,11/9/16,115315,208.35
T216377,C8736873,29/12/85,M,FARIDABAD,624.28,8/8/16,170358,1840.0
T407675,C7842117,3/6/81,M,MUMBAI,28154.28,18/8/16,122526,1229.0
T202978,C5014230,1/6/69,M,AURANGABAD,8846.59,8/8/16,151527,190.0
T516523,C3432324,11/6/81,M,NOIDA,41248.75,24/8/16,72552,50.0
T535573,C8347659,13/1/68,F,GURGAON,38457.11,24/8/16,201719,657.0
T981719,C6624629,29/4/98,M,BATHINDA,13638.99,15/9/16,181847,440.0
T173044,C3818770,25/5/93,F,RANCHI,7886.99,9/8/16,70849,30.0
T53210,C2097488,20/9/81,F,DELHI,49173.7,3/8/16,164233,500.0
T372798,C1532982,13/8/88,F,HYDERABAD,12340.96,14/8/16,232748,422.82
T687136,C4420786,27/4/87,M,GURGAON,44152.85,31/8/16,214235,420.0
T641031,C6142473,1/11/75,M,KOLKATA,10026.44,25/8/16,194834,499.0
T408195,C5631770,5/12/88,F,AHMEDABAD,21335.25,18/8/16,231859,68.0
T810208,C8916738,11/11/92,F,DELHI,6688.57,5/9/16,233351,259.0
T341760,C7714974,1/1/1800,F,BHOPAL,6406304.47,15/8/16,201952,3936.0
