Frequency,CustGender,CustAccountBalance,TransactionAmount (INR),CustomerAge,Recency
-0.032599068331943815,0.6157997811176921,-0.19395240163812938,-0.1199034284275951,-2.996981960018161,0.0
-0.032599068331943815,0.6157997811176921,-0.252099455609678,-0.24319100991496118,0.4002529524073707,0.0
-0.032599068331943815,0.6157997811176921,-0.2838173479243781,-0.11062371799306218,0.5098411753888394,0.0
-0.032599068331943815,0.6157997811176921,-0.24902052951149756,-0.2827778127377056,0.8386058443332457,0.0
-0.032599068331943815,-1.623904442098006,-0.11257435754030747,-0.21999173382862885,-0.3668646084629106,0.0
-0.032599068331943815,-1.623904442098006,-0.1439401220077683,-0.18088880162139936,-0.14768816249997307,0.0
-0.032599068331943815,0.6157997811176921,-0.2817890463555555,-0.29842738154908577,-0.14768816249997307,0.0
-0.032599068331943815,0.6157997811176921,-0.16922113233117594,-0.19357107254859438,-0.8052175003887856,0.0
-0.032599068331943815,-1.623904442098006,-0.28712392439349416,-0.03704887097640824,0.07148828346296444,0.0
-0.032599068331943815,0.6157997811176921,-0.3013956603960113,-0.30947465587591066,0.5098411753888394,0.0
-0.032599068331943815,0.6157997811176921,-0.24068840548532064,-0.22109646126131136,0.1810765064444332,0.0
-0.032599068331943815,0.6157997811176921,-0.30088480212313784,0.016419936765424362,0.6194293983703082,0.0
-0.032599068331943815,0.6157997811176921,2.008231403775365,-0.2873801072222608,0.5098411753888394,0.0
-0.032599068331943815,-1.623904442098006,-0.30103826286425966,-0.3161030204720056,-0.6956292774073168,0.0
-0.032599068331943815,0.6157997811176921,-0.17121288487384467,0.264983609118985,1.4961351822220583,0.0
-0.032599068331943815,0.6157997811176921,-0.2584311321137407,4.226978073691473,-0.6956292774073168,0.0
-0.032599068331943815,-1.623904442098006,-0.1010257310095728,-0.3205219302027356,0.07148828346296444,0.0
-0.032599068331943815,0.6157997811176921,-0.20074747161385031,-0.32692934931229406,-0.03809993951850431,0.0
-0.032599068331943815,0.6157997811176921,-0.21923627264741516,0.044259068069023154,0.9481940673147145,0.0
-0.032599068331943815,0.6157997811176921,-0.16256461741752742,0.3176570131092862,0.6194293983703082,0.0
-0.032599068331943815,0.6157997811176921,-0.2742271996426767,-0.20651405914990245,1.9344880741479333,0.0
-0.032599068331943815,0.6157997811176921,-0.24398154425893012,-0.2075083138393167,-0.14768816249997307,0.0
-0.032599068331943815,-1.623904442098006,-0.29596043250871507,-0.07284203979532096,-1.572335061259067,0.0
-0.032599068331943815,0.6157997811176921,1.8338183593916533,-0.14376554097353691,-2.996981960018161,0.0
-0.032599068331943815,0.6157997811176921,-0.27302518460539843,-0.2895895620876258,0.07148828346296444,0.0
-0.032599068331943815,0.6157997811176921,-0.2237304854432115,-0.3205219302027356,0.1810765064444332,0.0
-0.032599068331943815,-1.623904442098006,-0.23922953096866648,-0.32715029479883057,-0.47645283144437933,0.0
-0.032599068331943815,0.6157997811176921,0.8273386547250552,-0.265285558568611,0.07148828346296444,0.0
-0.032599068331943815,0.6157997811176921,-0.2699757687404874,-0.20822638667056032,-0.03809993951850431,0.0
-0.032599068331943815,0.6157997811176921,-0.26575527841450663,0.8287856732982255,-0.03809993951850431,0.0
-0.032599068331943815,-1.623904442098006,-0.28556838880664115,-0.2906942895203083,-0.14768816249997307,0.0
-0.032599068331943815,0.6157997811176921,-0.3034867841323424,-0.29422941730489227,0.29066472942590194,0.0
-0.032599068331943815,0.6157997811176921,-0.24910853324285465,-0.2873801072222608,0.07148828346296444,0.0
-0.032599068331943815,0.6157997811176921,-0.26134169179175,-0.18441951049625263,0.4002529524073707,0.0
-0.032599068331943815,-1.623904442098006,-0.2606251276198746,-0.3072652010105457,-0.3668646084629106,0.0
-0.032599068331943815,0.6157997811176921,0.026647093779337924,0.28641532131302533,-2.996981960018161,0.0
-0.032599068331943815,0.6157997811176921,-0.24640307721418872,-0.3043929096855712,-0.5860410544258481,0.0
-0.032599068331943815,0.6157997811176921,2.168777311005301,-0.2531335568091036,2.044076297129402,0.0
-0.032599068331943815,-1.623904442098006,-0.2472616217430696,-0.13271826664671202,-0.03809993951850431,0.0
-0.032599068331943815,0.6157997811176921,-0.061052313297143904,0.16375080609769221,0.4002529524073707,0.0
-0.032599068331943815,0.6157997811176921,0.06788542397776104,-0.24031871858998669,-2.996981960018161,0.0
-0.032599068331943815,-1.623904442098006,-0.2574195408903783,-0.32692934931229406,0.1810765064444332,0.0
-0.032599068331943815,0.6157997811176921,-0.1146994331011399,-0.29621792668372077,0.9481940673147145,0.0
-0.032599068331943815,0.6157997811176921,-0.20938858735547217,-0.1468587777850479,-0.3668646084629106,0.0
-0.032599068331943815,0.6157997811176921,-0.22606969839826566,-0.22109646126131136,2.044076297129402,0.0
-0.032599068331943815,0.6157997811176921,-0.27026880083998045,-0.265285558568611,0.4002529524073707,0.0
-0.032599068331943815,0.6157997811176921,-0.30197122286657635,-0.19458300287693153,-0.3668646084629106,0.0
-0.032599068331943815,0.6157997811176921,-0.30306919927533843,-0.30947465587591066,-0.6956292774073168,0.0
-0.032599068331943815,0.6157997811176921,-0.096859819558899,-0.2789841787338739,0.1810765064444332,0.0
-0.032599068331943815,0.6157997811176921,-0.26223829097093115,-0.19780880698036443,0.9481940673147145,0.0
-0.032599068331943815,0.6157997811176921,-0.27280845000952414,-0.28848483465494335,0.07148828346296444,0.0
-0.032599068331943815,-1.623904442098006,-0.29671358334734793,-0.3183124753373706,0.29066472942590194,0.0
-0.032599068331943815,0.6157997811176921,-0.3016821053898639,-0.265727449541684,-0.03809993951850431,0.0
-0.032599068331943815,-1.623904442098006,-0.25703801573168056,-0.2381490339121983,0.07148828346296444,0.0
-0.032599068331943815,-1.623904442098006,-0.23850137349086384,-0.22949238974969827,-0.6956292774073168,0.0
-0.032599068331943815,0.6157997811176921,-0.17286094106449398,-0.17005805387138023,1.8248998511664645,0.0
-0.032599068331943815,0.6157997811176921,-0.3031651828146714,-0.325603676393075,-0.03809993951850431,0.0
-0.032599068331943815,0.6157997811176921,-0.3034519289333533,-0.3216266576354181,-0.47645283144437933,0.0
-0.032599068331943815,0.6157997811176921,-0.24737367782016537,0.06038808858618753,-0.03809993951850431,0.0
-0.032599068331943815,0.6157997811176921,0.04056591148193889,-0.22396875258628582,-2.996981960018161,0.0
-0.032599068331943815,0.6157997811176921,-0.30322314934430783,-0.2873801072222608,-0.14768816249997307,0.0
-0.032599068331943815,-1.623904442098006,1.0430065911728008,-0.3183124753373706,0.1810765064444332,0.0
-0.032599068331943815,-1.623904442098006,-0.1590699132113187,-0.3133986477167989,-0.03809993951850431,0.0
-0.032599068331943815,0.6157997811176921,-0.230670961070871,-0.30947465587591066,-0.3668646084629106,0.0
-0.032599068331943815,0.6157997811176921,-0.26821934525190094,0.42737854172331124,0.29066472942590194,0.0
-0.032599068331943815,-1.623904442098006,-0.2665980515304539,0.12158998835679757,-0.14768816249997307,0.0
-0.032599068331943815,-1.623904442098006,-0.23868814616622477,0.13153253525094,-0.47645283144437933,0.0
-0.032599068331943815,-1.623904442098006,1.4308823219576299,0.44173999834818367,0.5098411753888394,0.0
-0.032599068331943815,0.6157997811176921,-0.1417666782712327,-0.29328598007738144,-0.3668646084629106,0.0
-0.032599068331943815,-1.623904442098006,-0.2028149194104793,-0.18132627368474163,-0.14768816249997307,0.0
-0.032599068331943815,0.6157997811176921,-0.16845348986013395,-0.23435319045350125,0.4002529524073707,0.0
-0.032599068331943815,-1.623904442098006,-0.17519571242831627,0.34894289400285433,1.0577822902961833,0.0
-0.032599068331943815,0.6157997811176921,-0.2621985801340698,-0.265285558568611,0.4002529524073707,0.0
-0.032599068331943815,-1.623904442098006,-0.30345369804172534,-0.2774375603281184,-0.3668646084629106,0.0
-0.032599068331943815,-1.623904442098006,-0.2921404758462803,1.2148282557393915,-0.5860410544258481,0.0
-0.032599068331943815,0.6157997811176921,6.2477600083219755,-0.19856002163458852,1.0577822902961833,0.0
-0.032599068331943815,-1.623904442098006,-0.3029383228964126,-0.23538721533049206,2.044076297129402,0.0
-0.032599068331943815,0.6157997811176921,-0.2770391032984932,-0.2873801072222608,-0.47645283144437933,0.0
-0.032599068331943815,0.6157997811176921,-0.241487778985248,0.6938387984863283,-0.3668646084629106,0.0
-0.032599068331943815,0.6157997811176921,-0.2826140531065753,-0.30947465587591066,0.6194293983703082,0.0
-0.032599068331943815,0.6157997811176921,3.7398032484043444,-0.10951899056037968,1.3865469592405895,0.0
-0.032599068331943815,-1.623904442098006,-0.2706468254225378,-0.044561017518649174,0.6194293983703082,0.0
-0.032599068331943815,0.6157997811176921,0.519613696155714,-0.0951575339355073,2.153664520110871,0.0
-0.032599068331943815,-1.623904442098006,-0.22634620627275204,-0.2873801072222608,0.8386058443332457,0.0
-0.032599068331943815,0.6157997811176921,-0.2923700835286062,-0.265285558568611,-0.03809993951850431,0.0
-0.032599068331943815,0.6157997811176921,-0.3033962961211438,-0.3214057121488816,0.29066472942590194,0.0
-0.032599068331943815,-1.623904442098006,-0.25948702632761095,-0.30947465587591066,-0.47645283144437933,0.0
-0.032599068331943815,0.6157997811176921,-0.250015069541402,-0.2873801072222608,0.5098411753888394,0.0
-0.032599068331943815,-1.623904442098006,-0.2971414064485475,-0.30947465587591066,0.5098411753888394,0.0
-0.032599068331943815,-1.623904442098006,-0.2591592895915434,-0.32715029479883057,-0.3668646084629106,0.0
-0.032599068331943815,0.6157997811176921,-0.021162457724840184,-0.3205219302027356,0.29066472942590194,0.0
-0.032599068331943815,0.6157997811176921,0.6265659708794546,-0.07484822481307235,-0.9148057233702543,0.0
-0.032599068331943815,0.6157997811176921,-0.29194685258105324,-0.09692509782779928,-0.03809993951850431,0.0
-0.032599068331943815,0.6157997811176921,-0.29797830763032385,-0.30947465587591066,-0.8052175003887856,0.0
-0.032599068331943815,-1.623904442098006,-0.2458053820686716,-0.11967364512159716,-0.47645283144437933,0.0
-0.032599068331943815,0.6157997811176921,-0.28640393492668575,-0.15105674202924138,-0.2572763854814418,0.0
-0.032599068331943815,0.6157997811176921,-0.27382922554017963,-0.3103584378220567,-0.3668646084629106,0.0
-0.032599068331943815,0.6157997811176921,-0.26161665640148624,-0.3205219302027356,-0.9148057233702543,0.0
-0.032599068331943815,0.6157997811176921,0.5210994084227775,-0.13095070275442003,1.3865469592405895,0.0
-0.032599068331943815,0.6157997811176921,-0.2387972286356314,-0.27456526900314393,0.5098411753888394,0.0
-0.032599068331943815,0.6157997811176921,3.698606473432362,0.08889005634939581,0.4002529524073707,0.0
-0.032599068331943815,0.6157997811176921,-0.2965924182441664,-0.2873801072222608,0.07148828346296444,0.0
-0.032599068331943815,0.6157997811176921,-0.22836792073593412,-0.3183124753373706,0.29066472942590194,0.0
-0.032599068331943815,-1.623904442098006,0.09618810904118229,-0.23015522620930778,-0.3668646084629106,0.0
-0.032599068331943815,-1.623904442098006,-0.05697576063955889,-0.2650646130820745,-0.2572763854814418,0.0
-0.032599068331943815,0.6157997811176921,-0.3034698082200918,-0.3205219302027356,-0.47645283144437933,0.0
-0.032599068331943815,0.6157997811176921,1.4711400391495026,0.11032176854343616,-0.03809993951850431,0.0
-0.032599068331943815,0.6157997811176921,-0.13233744357017785,-0.19535631207980927,0.5098411753888394,0.0
-0.032599068331943815,0.6157997811176921,-0.2997727104880032,-0.30947465587591066,-0.03809993951850431,0.0
-0.032599068331943815,0.6157997811176921,0.5577825480474752,0.9076035567103904,-2.996981960018161,0.0
-0.032599068331943815,0.6157997811176921,-0.25183469160353356,0.03908010586460762,1.605723405203527,0.0
-0.032599068331943815,0.6157997811176921,-0.2593255104973059,-0.3161030204720056,0.729017621351777,0.0
-0.032599068331943815,-1.623904442098006,-0.2052904289913863,-0.30947465587591066,0.07148828346296444,0.0
-0.032599068331943815,0.6157997811176921,-0.20725703761081016,-0.3205219302027356,-0.14768816249997307,0.0
-0.032599068331943815,0.6157997811176921,-0.2939196342594773,-0.18287289209049712,-0.3668646084629106,0.0
-0.032599068331943815,0.6157997811176921,-0.23585267949251718,3.3816406422028304,1.605723405203527,0.0
-0.032599068331943815,0.6157997811176921,0.10523664667681991,-0.30947465587591066,-0.2572763854814418,0.0
-0.032599068331943815,0.6157997811176921,-0.072137358153202,-0.28848483465494335,-0.6956292774073168,0.0
-0.032599068331943815,0.6157997811176921,-0.2809702503041396,-0.30644549325549525,-0.47645283144437933,0.0
-0.032599068331943815,-1.623904442098006,-0.2771083996498312,-0.04047352601772396,-0.14768816249997307,0.0
-0.032599068331943815,0.6157997811176921,-0.24549341674553754,-0.22109646126131136,-0.3668646084629106,0.0
-0.032599068331943815,0.6157997811176921,-0.06695567737215952,0.008465899250110423,0.29066472942590194,0.0
-0.032599068331943815,0.6157997811176921,2.4824546040750195,0.01664088225196086,-2.996981960018161,0.0
-0.032599068331943815,0.6157997811176921,-0.26177278962546796,-0.3101374923355202,0.07148828346296444,0.0
-0.032599068331943815,0.6157997811176921,-0.3034139495642603,-0.30947465587591066,0.07148828346296444,0.0
30.675723300355923,0.6157997811176921,-0.17957897954482477,-0.08963389677209484,0.016694171972230068,0.0
-0.032599068331943815,0.6157997811176921,0.12598761034974695,0.002666080228527341,-2.996981960018161,0.0
-0.032599068331943815,-1.623904442098006,-0.17747891616512437,0.1821290516677981,-0.03809993951850431,0.0
-0.032599068331943815,-1.623904442098006,-0.11839735892650899,-0.22109646126131136,0.8386058443332457,0.0
-0.032599068331943815,-1.623904442098006,3.4838592261501398,0.44173999834818367,-2.996981960018161,0.0
-0.032599068331943815,-1.623904442098006,-0.27745973704439364,-0.2873801072222608,-0.3668646084629106,0.0
-0.032599068331943815,-1.623904442098006,-0.2924427675342737,0.11186838694919164,-0.2572763854814418,0.0
-0.032599068331943815,0.6157997811176921,-0.29923885380629345,-0.3293597496641955,1.4961351822220583,0.0
-0.032599068331943815,0.6157997811176921,0.18748847974800498,-0.23545791788618373,-0.47645283144437933,0.0
-0.032599068331943815,0.6157997811176921,-0.14820250632562268,-0.08388931412214588,0.29066472942590194,0.0
-0.032599068331943815,0.6157997811176921,-0.2970599898228309,-0.022245523378462844,0.1810765064444332,0.0
-0.032599068331943815,-1.623904442098006,-0.3011941326040157,0.013074822099261755,0.8386058443332457,0.0
-0.032599068331943815,-1.623904442098006,-0.2656466852729475,-0.3161030204720056,-0.6956292774073168,0.0
-0.032599068331943815,-1.623904442098006,-0.2073775628237295,-0.2796470151934834,-0.47645283144437933,0.0
-0.032599068331943815,-1.623904442098006,-0.1584663837722343,0.010918394150665534,0.07148828346296444,0.0
-0.032599068331943815,-1.623904442098006,-0.2330140133674985,-0.3028462912798157,-2.996981960018161,0.0
-0.032599068331943815,0.6157997811176921,-0.27938708651420013,-0.260866648837881,0.07148828346296444,0.0
-0.032599068331943815,0.6157997811176921,-0.2880492809938715,-0.3205219302027356,-1.024393946351723,0.0
-0.032599068331943815,-1.623904442098006,0.7961557106695711,-0.11393790029110966,1.167370513277652,0.0
-0.032599068331943815,0.6157997811176921,-0.2561594464016526,1.642578717674052,0.9481940673147145,0.0
-0.032599068331943815,0.6157997811176921,-0.2539527660120853,-0.29842738154908577,0.4002529524073707,0.0
-0.032599068331943815,0.6157997811176921,0.3079865537920764,-0.263076103703246,-0.14768816249997307,0.0
-0.032599068331943815,0.6157997811176921,-0.2470200443487797,-0.24319100991496118,-0.03809993951850431,0.0
-0.032599068331943815,0.6157997811176921,0.4673619135293939,-0.2741233780300709,-2.996981960018161,0.0
-0.032599068331943815,0.6157997811176921,-0.21561716624611016,-0.2911759506809579,0.9481940673147145,0.0
-0.032599068331943815,0.6157997811176921,-0.27478266203088736,-0.29909021800869523,0.729017621351777,0.0
-0.032599068331943815,0.6157997811176921,-0.3027957402897486,-0.3194172027700531,-0.47645283144437933,0.0
-0.032599068331943815,0.6157997811176921,-0.19111734901106206,-0.2255153709920413,0.07148828346296444,0.0
-0.032599068331943815,0.6157997811176921,-0.2795562810276518,-0.2929037443856733,-0.6956292774073168,0.0
-0.032599068331943815,-1.623904442098006,-0.26866979035590016,-0.27253257052700813,-0.14768816249997307,0.0
-0.032599068331943815,0.6157997811176921,3.6459585987337277,-0.29842738154908577,-2.996981960018161,0.0
-0.032599068331943815,0.6157997811176921,0.2136447846689222,2.0773994351778806,0.9481940673147145,0.0
-0.032599068331943815,0.6157997811176921,-0.2955383307792719,-0.2873801072222608,-0.8052175003887856,0.0
-0.032599068331943815,-1.623904442098006,-0.2617658637543945,-0.28848483465494335,-0.2572763854814418,0.0
-0.032599068331943815,0.6157997811176921,-0.30310544717666305,-0.13271826664671202,-0.14768816249997307,0.0
-0.032599068331943815,0.6157997811176921,-0.2790693998193097,-0.2566686845936876,-0.8052175003887856,0.0
-0.032599068331943815,-1.623904442098006,-0.15583970952702872,0.17373312317941117,-0.3668646084629106,0.0
-0.032599068331943815,0.6157997811176921,-0.26716514486519544,-0.3147839759173827,0.29066472942590194,0.0
-0.032599068331943815,0.6157997811176921,-0.2588251163122499,-0.3183124753373706,0.07148828346296444,0.0
-0.032599068331943815,-1.623904442098006,0.7328165118291623,-0.20960729596141342,-0.47645283144437933,0.0
-0.032599068331943815,-1.623904442098006,-0.3012640312050123,-0.29400847181835577,-0.3668646084629106,0.0
-0.032599068331943815,0.6157997811176921,-0.3033350924995926,2.825302116558793,0.729017621351777,0.0
-0.032599068331943815,0.6157997811176921,1.224673770334471,-0.25423828424178607,0.6194293983703082,0.0
-0.032599068331943815,0.6157997811176921,-0.17698891078667853,0.4108076302330739,-0.14768816249997307,0.0
-0.032599068331943815,-1.623904442098006,5.049961546746833,0.23919927084017567,-2.996981960018161,0.0
-0.032599068331943815,0.6157997811176921,-0.24655356434762138,-0.2774375603281184,0.29066472942590194,0.0
-0.032599068331943815,-1.623904442098006,1.015929258320927,0.33038347313378846,0.4002529524073707,0.0
-0.032599068331943815,0.6157997811176921,-0.2488286000734352,-0.028652942488021298,-2.996981960018161,0.0
-0.032599068331943815,0.6157997811176921,-0.30229937364928416,-0.25224977486295763,-0.6956292774073168,0.0
-0.032599068331943815,-1.623904442098006,-0.3025961321685396,0.11032176854343616,1.167370513277652,0.0
-0.032599068331943815,0.6157997811176921,-0.25203738625424266,0.6405909362310322,-0.6956292774073168,0.0
-0.032599068331943815,-1.623904442098006,-0.27265306959761565,-0.09626226136818979,-0.47645283144437933,0.0
-0.032599068331943815,0.6157997811176921,-0.24388789443702405,-0.3041719641990347,0.07148828346296444,0.0
-0.032599068331943815,0.6157997811176921,-0.2593223486865985,-0.1580386194037947,0.4002529524073707,0.0
-0.032599068331943815,0.6157997811176921,-0.17350256279448228,-0.134485830539004,0.9481940673147145,0.0
-0.032599068331943815,0.6157997811176921,-0.2639492822509,-0.1981181306615155,1.3865469592405895,0.0
-0.032599068331943815,-1.623904442098006,0.25780692403784294,-0.2549011207013956,0.4002529524073707,0.0
-0.032599068331943815,0.6157997811176921,-0.11593031848142545,-0.01252392197085692,-0.3668646084629106,0.0
-0.032599068331943815,0.6157997811176921,-0.28877096428784466,-0.2873801072222608,-0.47645283144437933,0.0
-0.032599068331943815,-1.623904442098006,-0.303413987204864,-0.2765537783819724,-0.03809993951850431,0.0
-0.032599068331943815,0.6157997811176921,-0.2922273127189239,-0.3216266576354181,-0.14768816249997307,0.0
-0.032599068331943815,0.6157997811176921,-0.21776185256144945,0.7240663504993867,-2.996981960018161,0.0
-0.032599068331943815,0.6157997811176921,-0.19280850369290206,-0.3205219302027356,0.5098411753888394,0.0
-0.032599068331943815,0.6157997811176921,1.3359738735463744,-0.3238361125007831,0.9481940673147145,0.0
-0.032599068331943815,0.6157997811176921,-0.27848224404281746,-0.3158820749854691,0.29066472942590194,0.0
-0.032599068331943815,-1.623904442098006,-0.2879598469195754,-0.3293597496641955,-0.2572763854814418,0.0
-0.032599068331943815,0.6157997811176921,-0.23468216964050226,0.013105754467376888,-2.996981960018161,0.0
-0.032599068331943815,0.6157997811176921,-0.263680151934731,-0.30947465587591066,-0.14768816249997307,0.0
-0.032599068331943815,0.6157997811176921,-0.20701546021652034,-0.3220685486084911,-0.47645283144437933,0.0
-0.032599068331943815,-1.623904442098006,0.009670541638417086,0.20311887288876546,0.8386058443332457,0.0
-0.032599068331943815,-1.623904442098006,-0.11079655418884213,-0.1990019126076615,0.8386058443332457,0.0
-0.032599068331943815,-1.623904442098006,0.40082333865909286,3.048896739478864,-0.2572763854814418,0.0
-0.032599068331943815,0.6157997811176921,-0.28791196807171987,0.132416317197086,-0.47645283144437933,0.0
-0.032599068331943815,0.6157997811176921,-0.2760272862315088,-0.2387721001842312,0.07148828346296444,0.0
-0.032599068331943815,-1.623904442098006,-0.28491039341406077,-0.11062371799306218,-0.03809993951850431,0.0
-0.032599068331943815,-1.623904442098006,-0.27879594083371984,-0.32449894896039255,-0.3668646084629106,0.0
-0.032599068331943815,0.6157997811176921,-0.2706243916227565,-0.24981937451105612,-0.14768816249997307,0.0
-0.032599068331943815,-1.623904442098006,-0.3023751818250554,-0.2763328328954359,0.07148828346296444,0.0
-0.032599068331943815,0.6157997811176921,-0.1746788316588572,-0.07615622209336843,0.07148828346296444,0.0
-0.032599068331943815,0.6157997811176921,0.08372538045056457,-0.07770284049912393,-0.03809993951850431,0.0
-0.032599068331943815,0.6157997811176921,-0.291571914527996,-0.04434007203211268,-0.14768816249997307,0.0
-0.032599068331943815,0.6157997811176921,-0.29988698736071495,-0.05936436511659456,0.07148828346296444,0.0
-0.032599068331943815,0.6157997811176921,-0.29750742367853733,-0.31720774790468814,0.9481940673147145,0.0
-0.032599068331943815,-1.623904442098006,-0.20623795590731941,-0.06643462068576252,2.153664520110871,0.0
-0.032599068331943815,0.6157997811176921,0.5361912955384425,-0.22109646126131136,0.29066472942590194,0.0
-0.032599068331943815,-1.623904442098006,0.6454821433269753,-0.2272829348843333,0.4002529524073707,0.0
-0.032599068331943815,-1.623904442098006,-0.2078163016999904,-0.19747738875055967,-0.3668646084629106,0.0
-0.032599068331943815,0.6157997811176921,-0.22196984620701515,-0.1601155069772378,-0.14768816249997307,0.0
-0.032599068331943815,0.6157997811176921,-0.24715186174279702,0.03520030312102672,0.9481940673147145,0.0
-0.032599068331943815,0.6157997811176921,-0.11536921000266588,-0.22131740674784783,0.4002529524073707,0.0
-0.032599068331943815,0.6157997811176921,-0.30347063631337234,-0.30947465587591066,0.1810765064444332,0.0
-0.032599068331943815,0.6157997811176921,-0.2782372037129908,-0.3103584378220567,-0.14768816249997307,0.0
-0.032599068331943815,-1.623904442098006,-0.29979254708613207,-0.1210081558602776,0.5098411753888394,0.0
-0.032599068331943815,-1.623904442098006,0.3493771778729078,-0.3205219302027356,-0.47645283144437933,0.0
-0.032599068331943815,0.6157997811176921,-0.1474040738407868,-0.2893686166010893,0.8386058443332457,0.0
-0.032599068331943815,0.6157997811176921,0.6769705408811603,-0.3205219302027356,1.167370513277652,0.0
-0.032599068331943815,0.6157997811176921,-0.30006013413755095,-0.32891785869112256,-0.2572763854814418,0.0
-0.032599068331943815,-1.623904442098006,0.0806559397845065,-0.2518078838898846,-0.47645283144437933,0.0
-0.032599068331943815,0.6157997811176921,0.06879659007055855,0.05508539690931157,-2.996981960018161,0.0
-0.032599068331943815,0.6157997811176921,-0.3034783526371226,-0.2873801072222608,-0.3668646084629106,0.0
-0.032599068331943815,0.6157997811176921,-0.28235294023898594,-0.18596612890200812,0.29066472942590194,0.0
-0.032599068331943815,0.6157997811176921,0.04626345673614164,-0.2237478070997493,0.8386058443332457,0.0
-0.032599068331943815,-1.623904442098006,0.01306158362214619,0.9945677002111563,0.07148828346296444,0.0
-0.032599068331943815,0.6157997811176921,-0.2945319715998182,-0.12255477426603309,-0.14768816249997307,0.0
-0.032599068331943815,-1.623904442098006,-0.2727936948928894,-0.17734925492708467,-0.14768816249997307,0.0
-0.032599068331943815,0.6157997811176921,-0.30347398632709804,-0.3105793833085932,-0.2572763854814418,0.0
-0.032599068331943815,0.6157997811176921,-0.3015084692851803,0.5022790616591842,0.5098411753888394,0.0
-0.032599068331943815,0.6157997811176921,-0.29923460041807987,0.053428305760287835,-0.3668646084629106,0.0
-0.032599068331943815,0.6157997811176921,-0.28850996434206627,-0.2785422877608009,1.0577822902961833,0.0
-0.032599068331943815,0.6157997811176921,-0.2811314273690117,-0.3205219302027356,0.4002529524073707,0.0
-0.032599068331943815,-1.623904442098006,1.1082725372333573,-0.10515973611101458,0.8386058443332457,0.0
-0.032599068331943815,-1.623904442098006,-0.04263864290848437,-0.24909025440548568,-0.47645283144437933,0.0
-0.032599068331943815,0.6157997811176921,-0.30319397787647134,-0.3189753117969801,0.1810765064444332,0.0
-0.032599068331943815,0.6157997811176921,-0.0873244759961266,-0.27235581413777893,0.4002529524073707,0.0
-0.032599068331943815,0.6157997811176921,0.01277129928672031,-0.11062371799306218,0.729017621351777,0.0
-0.032599068331943815,0.6157997811176921,1.0913773640775493,-0.11062371799306218,2.044076297129402,0.0
-0.032599068331943815,0.6157997811176921,-0.30209724360762996,-0.30129967287406023,1.167370513277652,0.0
-0.032599068331943815,-1.623904442098006,-0.28714888011372075,-0.13647433991783248,-0.3668646084629106,0.0
-0.032599068331943815,0.6157997811176921,-0.23563982187881988,0.2342721864904117,-0.3668646084629106,0.0
-0.032599068331943815,0.6157997811176921,-0.2601679448478203,-0.047976834740503446,0.29066472942590194,0.0
-0.032599068331943815,0.6157997811176921,0.5068530421871273,-0.12522600519825935,0.5098411753888394,0.0
-0.032599068331943815,0.6157997811176921,0.003680830018605402,-0.32494083993346556,0.5098411753888394,0.0
-0.032599068331943815,0.6157997811176921,-0.2684766564185207,-0.2555639571610051,0.07148828346296444,0.0
-0.032599068331943815,0.6157997811176921,-0.14969755346239408,-0.25423828424178607,0.729017621351777,0.0
-0.032599068331943815,0.6157997811176921,-0.2595804503058951,-0.00014876526994764958,0.4002529524073707,0.0
-0.032599068331943815,0.6157997811176921,-0.29241732248619956,-0.2586571939725161,-2.996981960018161,0.0
-0.032599068331943815,-1.623904442098006,0.4726558009499468,-0.2838449794376769,0.1810765064444332,0.0
-0.032599068331943815,0.6157997811176921,-0.27718684266785865,-0.19499838039162015,-0.14768816249997307,0.0
-0.032599068331943815,0.6157997811176921,-0.2677275331244795,-0.2895895620876258,-0.2572763854814418,0.0
-0.032599068331943815,-1.623904442098006,-0.2317710077128344,0.2755889924727369,-0.14768816249997307,0.0
-0.032599068331943815,0.6157997811176921,-0.28462191582761054,-0.30947465587591066,-0.2572763854814418,0.0
-0.032599068331943815,0.6157997811176921,-0.2874915978100451,-0.32494083993346556,0.1810765064444332,0.0
-0.032599068331943815,0.6157997811176921,0.5434346274631502,0.5809356548661776,0.8386058443332457,0.0
-0.032599068331943815,0.6157997811176921,3.6706012997002695,-0.2873801072222608,-2.996981960018161,0.0
-0.032599068331943815,0.6157997811176921,-0.2712037557942912,-0.29025239854723534,-0.3668646084629106,0.0
-0.032599068331943815,0.6157997811176921,-0.03419856563101058,-0.2873801072222608,0.4002529524073707,0.0
-0.032599068331943815,0.6157997811176921,-0.26102532251798777,-0.2873801072222608,0.29066472942590194,0.0
-0.032599068331943815,0.6157997811176921,-0.15042529689355646,-0.22286402515360332,0.07148828346296444,0.0
-0.032599068331943815,0.6157997811176921,-0.29057048626762183,-0.3216266576354181,-0.03809993951850431,0.0
-0.032599068331943815,0.6157997811176921,-0.2682044395728516,-0.331348259043024,1.0577822902961833,0.0
-0.032599068331943815,0.6157997811176921,-0.13965696007669354,-0.2800889061665564,0.8386058443332457,0.0
-0.032599068331943815,0.6157997811176921,-0.2823614093748094,-0.09802982526048178,-0.3668646084629106,0.0
-0.032599068331943815,0.6157997811176921,0.16042191210877807,-0.2818564700588484,0.6194293983703082,0.0
-0.032599068331943815,0.6157997811176921,-0.0990567133915147,0.11032176854343616,-2.996981960018161,0.0
-0.032599068331943815,0.6157997811176921,-0.2826140531065753,-0.27544905094928995,0.6194293983703082,0.0
-0.032599068331943815,0.6157997811176921,-0.14822734912403826,-0.3205219302027356,0.8386058443332457,0.0
-0.032599068331943815,-1.623904442098006,1.686420089176532,-0.32626651285268454,-0.2572763854814418,0.0
-0.032599068331943815,0.6157997811176921,-0.22104573174655856,2.4302493771766684,-0.5860410544258481,0.0
-0.032599068331943815,-1.623904442098006,-0.22331508374121978,-0.262634212730173,-0.03809993951850431,0.0
-0.032599068331943815,-1.623904442098006,-0.28477861366064705,-0.2761118874088994,0.1810765064444332,0.0
-0.032599068331943815,0.6157997811176921,-0.05922535131729862,-0.30947465587591066,-0.6956292774073168,0.0
-0.032599068331943815,0.6157997811176921,-0.2266726255876915,0.1601206717538975,0.8386058443332457,0.0
-0.032599068331943815,-1.623904442098006,0.13949407523925267,-0.3200800392296626,0.1810765064444332,0.0
-0.032599068331943815,-1.623904442098006,-0.2586958961198852,0.11032176854343616,0.07148828346296444,0.0
-0.032599068331943815,0.6157997811176921,-0.2906254039083617,-0.32494083993346556,-0.5860410544258481,0.0
-0.032599068331943815,0.6157997811176921,-0.19002155575731222,0.502036021623994,-0.8052175003887856,0.0
-0.032599068331943815,-1.623904442098006,-0.2550960993482577,-0.10871695844425219,-0.2572763854814418,0.0
-0.032599068331943815,0.6157997811176921,-0.2385382989230543,0.11032176854343616,0.8386058443332457,0.0
-0.032599068331943815,0.6157997811176921,-0.26770186223278336,-0.22109646126131136,1.3865469592405895,0.0
-0.032599068331943815,0.6157997811176921,-0.30335530550375805,-0.3168520256713644,-0.2572763854814418,0.0
-0.032599068331943815,-1.623904442098006,-0.17905300856958178,-0.2771856824734668,-0.03809993951850431,0.0
-0.032599068331943815,0.6157997811176921,0.21461681561783802,0.133300099143232,-2.996981960018161,0.0
-0.032599068331943815,0.6157997811176921,-0.19433035093947937,-0.02290835983807234,0.4002529524073707,0.0
-0.032599068331943815,0.6157997811176921,-0.27693604332567207,-0.30174156384713324,-0.3668646084629106,0.0
-0.032599068331943815,0.6157997811176921,1.195833690372596,-0.25004031999759263,-2.996981960018161,0.0
-0.032599068331943815,0.6157997811176921,0.14806645923859135,-0.03616508903026224,0.5098411753888394,0.0
-0.032599068331943815,0.6157997811176921,1.396267985191293,-0.3161030204720056,0.4002529524073707,0.0
-0.032599068331943815,0.6157997811176921,-0.2698046169156454,-0.24319100991496118,1.0577822902961833,0.0
-0.032599068331943815,0.6157997811176921,-0.09194162300347647,-0.24473762832071666,0.5098411753888394,0.0
-0.032599068331943815,0.6157997811176921,-0.29206304912455167,-0.15525470627343485,-0.3668646084629106,0.0
-0.032599068331943815,0.6157997811176921,0.06964681602603058,0.22079451181168533,1.167370513277652,0.0
-0.032599068331943815,-1.623904442098006,-0.04199468746106914,-0.22153835223438434,-0.3668646084629106,0.0
-0.032599068331943815,0.6157997811176921,-0.2855376364334509,-0.32891785869112256,-0.5860410544258481,0.0
-0.032599068331943815,0.6157997811176921,-0.24184265459655446,-0.27699566935504544,0.6194293983703082,0.0
-0.032599068331943815,-1.623904442098006,-0.3017585158152937,-0.07129542138956547,-0.14768816249997307,0.0
-0.032599068331943815,0.6157997811176921,-0.08214678511907204,-0.27080919573202344,0.07148828346296444,0.0
-0.032599068331943815,0.6157997811176921,-0.2626554617812949,-0.25423828424178607,0.1810765064444332,0.0
-0.032599068331943815,0.6157997811176921,-0.3017118414667553,-0.03218807027260527,0.1810765064444332,0.0
-0.032599068331943815,0.6157997811176921,-0.2084239716054774,-0.19747738875055967,1.167370513277652,0.0
-0.032599068331943815,-1.623904442098006,0.0343135437297878,0.3497162032057321,0.6194293983703082,0.0
-0.032599068331943815,0.6157997811176921,-0.30155841836623715,-0.30947465587591066,-0.47645283144437933,0.0
-0.032599068331943815,-1.623904442098006,-0.07149577406381737,-0.26827716045631517,0.29066472942590194,0.0
-0.032599068331943815,0.6157997811176921,-0.12196749490245236,-0.29842738154908577,-0.5860410544258481,0.0
-0.032599068331943815,0.6157997811176921,-0.23835167681010805,-0.23324846302081875,-0.3668646084629106,0.0
-0.032599068331943815,0.6157997811176921,-0.26164157448110914,0.04691041390746113,-0.9148057233702543,0.0
-0.032599068331943815,0.6157997811176921,-0.18873021956754868,0.11486219829176118,-0.14768816249997307,0.0
-0.032599068331943815,-1.623904442098006,-0.3007811399006582,-0.31278883817395814,-0.3668646084629106,0.0
-0.032599068331943815,-1.623904442098006,0.33089458753894685,1.2813328471868775,1.3865469592405895,0.0
-0.032599068331943815,0.6157997811176921,-0.17367593541494025,-0.3202015592472577,0.1810765064444332,0.0
-0.032599068331943815,0.6157997811176921,-0.22476198854591006,0.044038122582486655,1.7153116281849958,0.0
-0.032599068331943815,0.6157997811176921,-0.206025775824488,0.14257980957776492,0.9481940673147145,0.0
-0.032599068331943815,0.6157997811176921,-0.29033884599269816,-0.271913923164706,1.4961351822220583,0.0
-0.032599068331943815,-1.623904442098006,-0.27380302768003223,-0.32494083993346556,-0.47645283144437933,0.0
-0.032599068331943815,0.6157997811176921,-0.2074108371173649,-0.28749057996552907,-2.996981960018161,0.0
-0.032599068331943815,-1.623904442098006,-0.30071135422147255,0.08601776502442134,-0.47645283144437933,0.0
-0.032599068331943815,-1.623904442098006,-0.28371097557843494,-0.2917990169529908,-0.3668646084629106,0.0
-0.032599068331943815,-1.623904442098006,-0.29090176122043343,-0.3050557461451807,-0.2572763854814418,0.0
-0.032599068331943815,0.6157997811176921,-0.2511066094069383,-0.30947465587591066,-0.5860410544258481,0.0
-0.032599068331943815,0.6157997811176921,-0.13447509109263275,-0.3050557461451807,-0.6956292774073168,0.0
-0.032599068331943815,-1.623904442098006,-0.3034457935149567,-0.32692934931229406,-0.14768816249997307,0.0
-0.032599068331943815,0.6157997811176921,-0.3033712274791063,-0.3163239659585421,0.29066472942590194,0.0
-0.032599068331943815,0.6157997811176921,-0.2407526956363719,5.4105830450674945,0.729017621351777,0.0
-0.032599068331943815,0.6157997811176921,-0.2998607142193603,-0.31389356560664067,0.9481940673147145,0.0
-0.032599068331943815,-1.623904442098006,0.627766894339227,0.3538036947066573,1.605723405203527,0.0
-0.032599068331943815,0.6157997811176921,-0.13417622469957238,-0.16210401635606628,0.729017621351777,0.0
-0.032599068331943815,0.6157997811176921,-0.30094190291889,1.8778856608354226,-0.14768816249997307,0.0
-0.032599068331943815,0.6157997811176921,-0.07038582794309138,0.41809883128877834,0.1810765064444332,0.0
-0.032599068331943815,-1.623904442098006,0.07094590618014807,2.872140350249665,-0.03809993951850431,0.0
-0.032599068331943815,0.6157997811176921,18.18451329502726,0.3560131495720223,-2.996981960018161,0.0
-0.032599068331943815,0.6157997811176921,0.6488973505782542,0.11186838694919164,-2.996981960018161,0.0
-0.032599068331943815,0.6157997811176921,-0.29803872079919813,-0.3293597496641955,-0.14768816249997307,0.0
-0.032599068331943815,-1.623904442098006,0.17029605874509404,0.06613267123613649,1.167370513277652,0.0
-0.032599068331943815,-1.623904442098006,-0.1782101978130308,-0.2898105075741623,-0.47645283144437933,0.0
-0.032599068331943815,-1.623904442098006,0.033189708226311246,-0.29909021800869523,-0.5860410544258481,0.0
-0.032599068331943815,-1.623904442098006,-0.29603130976540687,-0.24230722796881518,-0.2572763854814418,0.0
-0.032599068331943815,0.6157997811176921,-0.2122909413818835,-0.1890085482516157,0.07148828346296444,0.0
-0.032599068331943815,0.6157997811176921,-0.2641143739385527,-0.15370808786767934,1.2769587362591208,0.0
-0.032599068331943815,0.6157997811176921,-0.24673499205726257,-0.2876010527087973,0.729017621351777,0.0
-0.032599068331943815,0.6157997811176921,-0.23500791142457586,-0.28627537978957834,0.07148828346296444,0.0
-0.032599068331943815,0.6157997811176921,1.8338183593916533,-0.1990019126076615,-2.996981960018161,0.0
-0.032599068331943815,0.6157997811176921,-0.3025115913727192,-0.1868499108481541,0.1810765064444332,0.0
-0.032599068331943815,0.6157997811176921,0.08366779032696482,-0.2873801072222608,-0.3668646084629106,0.0
-0.032599068331943815,0.6157997811176921,0.25549383366172873,-0.2763328328954359,0.8386058443332457,0.0
-0.032599068331943815,0.6157997811176921,0.4650768277624027,0.1321953717105495,0.4002529524073707,0.0
-0.032599068331943815,-1.623904442098006,-0.20753629324936368,-0.3006368364144507,-0.47645283144437933,0.0
-0.032599068331943815,0.6157997811176921,-0.24216286321189007,-0.3293597496641955,-0.14768816249997307,0.0
-0.032599068331943815,-1.623904442098006,-0.2998871379231296,-0.2897110821052209,0.29066472942590194,0.0
-0.032599068331943815,0.6157997811176921,-0.2880751024479823,-0.3205219302027356,-0.6956292774073168,0.0
-0.032599068331943815,0.6157997811176921,-0.2917383612773805,-0.11062371799306218,1.2769587362591208,0.0
-0.032599068331943815,0.6157997811176921,-0.303464802019805,-0.2873801072222608,-0.03809993951850431,0.0
-0.032599068331943815,0.6157997811176921,0.008708748933696829,0.4088191208542454,1.4961351822220583,0.0
-0.032599068331943815,0.6157997811176921,-0.2933731679755415,-0.3205219302027356,0.07148828346296444,0.0
-0.032599068331943815,0.6157997811176921,-0.29630691426540534,0.22079451181168533,0.1810765064444332,0.0
-0.032599068331943815,0.6157997811176921,-0.28963662289081726,-0.13559055797168648,1.7153116281849958,0.0
-0.032599068331943815,-1.623904442098006,-0.010147951360040855,-0.03384737087649437,0.4002529524073707,0.0
-0.032599068331943815,-1.623904442098006,-0.2701827920606174,-0.30947465587591066,-0.3668646084629106,0.0
-0.032599068331943815,0.6157997811176921,-0.30319047730033094,0.06613267123613649,-0.2572763854814418,0.0
-0.032599068331943815,0.6157997811176921,-0.29574674680173724,0.10258867651465871,-1.024393946351723,0.0
-0.032599068331943815,-1.623904442098006,-0.09808099366344025,0.10677559348452537,0.8386058443332457,0.0
-0.032599068331943815,0.6157997811176921,-0.25633782522239734,-0.22109646126131136,0.9481940673147145,0.0
-0.032599068331943815,-1.623904442098006,-0.2455438927950456,-0.2416443915092057,0.729017621351777,0.0
-0.032599068331943815,0.6157997811176921,5.479028594616114,0.662685484884682,-2.996981960018161,0.0
-0.032599068331943815,0.6157997811176921,0.6270635796598398,0.12196559568390958,1.7153116281849958,0.0
-0.032599068331943815,0.6157997811176921,-0.18554586213851662,-0.2873801072222608,0.8386058443332457,0.0
-0.032599068331943815,-1.623904442098006,-0.303403033789199,-0.32273138506810056,0.1810765064444332,0.0
-0.032599068331943815,0.6157997811176921,-0.28928660291738295,-0.2785422877608009,0.4002529524073707,0.0
-0.032599068331943815,0.6157997811176921,4.244326344197619,-0.2873801072222608,0.5098411753888394,0.0
-0.032599068331943815,0.6157997811176921,-0.17860260110618625,-0.28627537978957834,0.1810765064444332,0.0
-0.032599068331943815,0.6157997811176921,-0.30161578264621497,-0.20783973206912143,1.0577822902961833,0.0
-0.032599068331943815,-1.623904442098006,-0.30312144443321853,-0.30947465587591066,-0.47645283144437933,0.0
-0.032599068331943815,-1.623904442098006,-0.031490324197673794,-0.30947465587591066,-0.03809993951850431,0.0
-0.032599068331943815,0.6157997811176921,-0.2182249449082784,-0.2873801072222608,1.2769587362591208,0.0
-0.032599068331943815,0.6157997811176921,-0.23385960952872034,-0.2873801072222608,-0.47645283144437933,0.0
-0.032599068331943815,0.6157997811176921,-0.2508917192006433,0.07055158096686645,0.29066472942590194,0.0
-0.032599068331943815,-1.623904442098006,-0.22909122257586462,-0.14398648646007342,0.07148828346296444,0.0
-0.032599068331943815,0.6157997811176921,-0.2893042563604995,-0.265727449541684,-0.03809993951850431,0.0
-0.032599068331943815,0.6157997811176921,-0.030683573139429075,-0.21004918693448643,-0.2572763854814418,0.0
-0.032599068331943815,0.6157997811176921,-0.08492541448125304,-0.3039510187124982,0.8386058443332457,0.0
-0.032599068331943815,-1.623904442098006,-0.3034901341460682,0.3423145294067594,-2.996981960018161,0.0
-0.032599068331943815,0.6157997811176921,-0.27520209127747064,-0.2658821113822596,-0.03809993951850431,0.0
-0.032599068331943815,0.6157997811176921,-0.17466561980697254,-0.2873801072222608,0.07148828346296444,0.0
-0.032599068331943815,-1.623904442098006,-0.1794593012454878,-0.21535187861136237,-0.03809993951850431,0.0
-0.032599068331943815,-1.623904442098006,-0.2290134947293067,-0.3077070919836187,1.167370513277652,0.0
-0.032599068331943815,0.6157997811176921,-0.21296406829713524,-0.2873801072222608,-0.47645283144437933,0.0
-0.032599068331943815,0.6157997811176921,-0.30348780042864126,-0.2763328328954359,0.8386058443332457,0.0
-0.032599068331943815,0.6157997811176921,0.22238707835318214,2.7106291995914846,-2.996981960018161,0.0
-0.032599068331943815,0.6157997811176921,-0.13729614141513855,-0.2387721001842312,0.1810765064444332,0.0
-0.032599068331943815,0.6157997811176921,-0.2794585283799468,0.0776218365360344,-0.2572763854814418,0.0
-0.032599068331943815,-1.623904442098006,-0.09767782515763805,-0.23545791788618373,-0.03809993951850431,0.0
-0.032599068331943815,0.6157997811176921,-0.2513455895995756,-0.28782199819533383,-0.14768816249997307,0.0
-0.032599068331943815,0.6157997811176921,-0.30348599367966556,-0.3092205685663937,-0.2572763854814418,0.0
-0.032599068331943815,0.6157997811176921,-0.2582689387525698,-0.30129967287406023,0.729017621351777,0.0
-0.032599068331943815,0.6157997811176921,-0.2436893778933212,-0.27522810546275345,0.07148828346296444,0.0
-0.032599068331943815,-1.623904442098006,0.14801906971858342,-0.11062371799306218,0.29066472942590194,0.0
-0.032599068331943815,-1.623904442098006,-0.24655356434762138,-0.29003145306069883,-0.9148057233702543,0.0
-0.032599068331943815,0.6157997811176921,-0.19847559769874384,-0.2763328328954359,0.8386058443332457,0.0
-0.032599068331943815,0.6157997811176921,-0.2525909666122702,-0.265285558568611,0.4002529524073707,0.0
-0.032599068331943815,-1.623904442098006,-0.27838392678605756,0.463613601515297,-0.03809993951850431,0.0
-0.032599068331943815,0.6157997811176921,-0.19905910233668114,-0.28977073738658576,0.07148828346296444,0.0
-0.032599068331943815,-1.623904442098006,-0.3026388918942974,-0.2909152350068448,-0.2572763854814418,0.0
-0.032599068331943815,0.6157997811176921,-0.30321720212892955,-0.23656264531886623,0.8386058443332457,0.0
-0.032599068331943815,-1.623904442098006,-0.2606389417214178,-0.3006368364144507,-0.2572763854814418,0.0
-0.032599068331943815,0.6157997811176921,-0.27316618630670875,-0.29842738154908577,-0.2572763854814418,0.0
-0.032599068331943815,0.6157997811176921,-0.2939993946986329,-0.13205543018710253,-0.3668646084629106,0.0
-0.032599068331943815,-1.623904442098006,-0.2779079237121732,-0.30947465587591066,-2.996981960018161,0.0
-0.032599068331943815,0.6157997811176921,-0.25625309622355863,-0.2763328328954359,-0.5860410544258481,0.0
-0.032599068331943815,-1.623904442098006,0.13197528937696096,-0.3194172027700531,1.0577822902961833,0.0
-0.032599068331943815,-1.623904442098006,-0.04659715463299162,-0.033292797705287765,0.8386058443332457,0.0
-0.032599068331943815,0.6157997811176921,-0.2945975415313939,-0.15194052397538738,-0.5860410544258481,0.0
-0.032599068331943815,0.6157997811176921,-0.2803242246235231,-0.3050557461451807,1.3865469592405895,0.0
-0.032599068331943815,0.6157997811176921,-0.3014581061574832,-0.3205219302027356,0.4002529524073707,0.0
-0.032599068331943815,0.6157997811176921,-0.27429589374435626,-0.06996974847034648,-0.3668646084629106,0.0
-0.032599068331943815,-1.623904442098006,-0.25999619077331976,-0.18996524220831873,-0.2572763854814418,0.0
-0.032599068331943815,0.6157997811176921,0.48537832498702577,5.1921254047093965,1.3865469592405895,0.0
-0.032599068331943815,-1.623904442098006,-0.23869510967790183,0.15667834107365886,-0.2572763854814418,0.0
-0.032599068331943815,0.6157997811176921,-0.11079448395564084,-0.135811503458223,1.2769587362591208,0.0
-0.032599068331943815,0.6157997811176921,-0.07890860162680619,-0.11062371799306218,1.167370513277652,0.0
-0.032599068331943815,0.6157997811176921,-0.23615316443153495,-0.27677472386850893,-0.5860410544258481,0.0
-0.032599068331943815,0.6157997811176921,-0.24912517038967236,-0.17908146754153081,-0.3668646084629106,0.0
-0.032599068331943815,-1.623904442098006,0.4787724366853,-0.27080919573202344,0.1810765064444332,0.0
-0.032599068331943815,0.6157997811176921,-0.30175072421033605,-0.3293597496641955,-0.5860410544258481,0.0
-0.032599068331943815,-1.623904442098006,-0.2742788049102946,-0.29842738154908577,-0.2572763854814418,0.0
-0.032599068331943815,0.6157997811176921,0.09934848940568293,1.0424907762409226,-0.14768816249997307,0.0
-0.032599068331943815,0.6157997811176921,-0.30331634747896996,0.027025320119176282,-2.996981960018161,0.0
-0.032599068331943815,0.6157997811176921,0.8587605413325733,-0.21734038799019087,1.4961351822220583,0.0
-0.032599068331943815,0.6157997811176921,-0.28136893957810627,-0.21159580534024192,-0.9148057233702543,0.0
-0.032599068331943815,0.6157997811176921,-0.23183168436593435,0.6562405050424124,0.07148828346296444,0.0
-0.032599068331943815,0.6157997811176921,-0.25264242131747344,0.3312672550799345,-0.2572763854814418,0.0
-0.032599068331943815,0.6157997811176921,-0.22676318888009747,-0.22109646126131136,0.07148828346296444,0.0
-0.032599068331943815,0.6157997811176921,-0.3030849330476683,-0.27514635563273493,-0.3668646084629106,0.0
-0.032599068331943815,0.6157997811176921,-0.27848224404281746,-0.30947465587591066,0.29066472942590194,0.0
-0.032599068331943815,0.6157997811176921,-0.2803214392188522,-0.26197137627056355,-0.47645283144437933,0.0
-0.032599068331943815,0.6157997811176921,-0.18086412385528622,-0.25423828424178607,1.2769587362591208,0.0
-0.032599068331943815,-1.623904442098006,-0.2546685397312837,0.3542455856797303,0.6194293983703082,0.0
-0.032599068331943815,-1.623904442098006,-0.27373433357835275,0.10148394908197622,0.6194293983703082,0.0
-0.032599068331943815,0.6157997811176921,-0.2871063838721886,-0.2030231204626258,-0.2572763854814418,0.0
-0.032599068331943815,0.6157997811176921,-0.2786852021777521,-0.11018182701998919,-0.14768816249997307,0.0
-0.032599068331943815,0.6157997811176921,-0.29204577208747173,-0.25026126548412914,0.07148828346296444,0.0
-0.032599068331943815,-1.623904442098006,0.12004698207710793,-0.16586008962718676,-0.6956292774073168,0.0
-0.032599068331943815,0.6157997811176921,0.26368352564365627,-0.30947465587591066,-0.3668646084629106,0.0
-0.032599068331943815,-1.623904442098006,-0.018016681914559577,3.422294611725546,-2.996981960018161,0.0
-0.032599068331943815,0.6157997811176921,-0.1081069824949207,-0.22109646126131136,1.3865469592405895,0.0
-0.032599068331943815,0.6157997811176921,-0.1146994331011399,-0.22109646126131136,0.9481940673147145,0.0
-0.032599068331943815,-1.623904442098006,-0.17386771429058792,4.087340526200406,-0.03809993951850431,0.0
-0.032599068331943815,-1.623904442098006,-0.26654332209273224,-0.1598945614907013,0.6194293983703082,0.0
-0.032599068331943815,0.6157997811176921,-0.035835480202976486,0.8504891484407056,0.4002529524073707,0.0
-0.032599068331943815,0.6157997811176921,-0.27019103535281896,-0.2895895620876258,2.153664520110871,0.0
-0.032599068331943815,0.6157997811176921,-0.2723917308864043,-0.3105793833085932,-0.2572763854814418,0.0
-0.032599068331943815,-1.623904442098006,0.007642804678649367,-0.22109646126131136,-0.47645283144437933,0.0
-0.032599068331943815,0.6157997811176921,-0.27371494866746787,-0.2796470151934834,-0.9148057233702543,0.0
-0.032599068331943815,0.6157997811176921,0.5017731039577777,-0.2586571939725161,0.4002529524073707,0.0
-0.032599068331943815,0.6157997811176921,-0.2327170666452248,-0.22109646126131136,0.6194293983703082,0.0
-0.032599068331943815,0.6157997811176921,0.6473106485715705,-0.2001265251341323,0.1810765064444332,0.0
-0.032599068331943815,0.6157997811176921,-0.30025872596246106,-0.00015097472481301254,-0.14768816249997307,0.0
-0.032599068331943815,0.6157997811176921,0.036948122501761944,0.09529747545895427,0.9481940673147145,0.0
-0.032599068331943815,0.6157997811176921,-0.3034026573831623,6.849159107906635,0.4002529524073707,0.0
-0.032599068331943815,0.6157997811176921,2.3620414095922015,-0.22330591612667633,-0.47645283144437933,0.0
-0.032599068331943815,0.6157997811176921,-0.30260230522753984,-0.009430685159345942,1.4961351822220583,0.0
-0.032599068331943815,0.6157997811176921,-0.3034901341460682,-0.2763328328954359,-0.2572763854814418,0.0
-0.032599068331943815,0.6157997811176921,-0.2537455921295406,0.11032176854343616,-0.3668646084629106,0.0
-0.032599068331943815,-1.623904442098006,-0.1669053318315983,-0.19215260252503005,0.07148828346296444,0.0
-0.032599068331943815,0.6157997811176921,-0.2603499748071201,-0.11062371799306218,-2.996981960018161,0.0
-0.032599068331943815,0.6157997811176921,-0.27890980365979134,-0.3103584378220567,-0.6956292774073168,0.0
-0.032599068331943815,0.6157997811176921,-0.30317899691621464,-0.3293597496641955,-0.03809993951850431,0.0
-0.032599068331943815,0.6157997811176921,-0.26294992422372704,-0.2774375603281184,-2.996981960018161,0.0
-0.032599068331943815,0.6157997811176921,-0.19089971104069994,-0.14995201459655888,1.8248998511664645,0.0
-0.032599068331943815,0.6157997811176921,-0.2846384776932209,-0.265285558568611,1.0577822902961833,0.0
-0.032599068331943815,0.6157997811176921,-0.30335172964641033,-0.29842738154908577,0.29066472942590194,0.0
-0.032599068331943815,-1.623904442098006,0.07273104944932707,-0.2986483270356223,-0.2572763854814418,0.0
-0.032599068331943815,0.6157997811176921,-0.3028145982321822,-0.3293597496641955,-0.47645283144437933,0.0
-0.032599068331943815,0.6157997811176921,-0.29379971129621657,-0.2789399896365666,-2.996981960018161,0.0
-0.032599068331943815,-1.623904442098006,0.05137211474608375,-0.1601155069772378,0.9481940673147145,0.0
-0.032599068331943815,0.6157997811176921,-0.2753405334177321,-0.2677159589205125,-2.996981960018161,0.0
-0.032599068331943815,-1.623904442098006,0.09002803604920548,-0.29953210898176824,0.9481940673147145,0.0
-0.032599068331943815,0.6157997811176921,-0.30343081255470006,-0.32494083993346556,-0.14768816249997307,0.0
-0.032599068331943815,0.6157997811176921,-0.3034901341460682,-0.25224977486295763,0.6194293983703082,0.0
-0.032599068331943815,0.6157997811176921,-0.1950880562911551,-0.1724884542232817,0.729017621351777,0.0
-0.032599068331943815,0.6157997811176921,0.8903408948814996,-0.20368816637710066,1.167370513277652,0.0
-0.032599068331943815,0.6157997811176921,-0.21294472102685402,0.2901713945841458,1.4961351822220583,0.0
-0.032599068331943815,0.6157997811176921,-0.22891457522288824,-0.2546801752148591,-0.2572763854814418,0.0
-0.032599068331943815,0.6157997811176921,-0.13515627309706774,-0.05417214618298685,0.07148828346296444,0.0
-0.032599068331943815,0.6157997811176921,-0.20175857350936513,-0.32494083993346556,0.07148828346296444,0.0
-0.032599068331943815,0.6157997811176921,2.091318745325991,-0.3006368364144507,1.3865469592405895,0.0
-0.032599068331943815,0.6157997811176921,-0.10207676958557091,-0.199222858094198,-0.03809993951850431,0.0
-0.032599068331943815,-1.623904442098006,-0.07324293796390344,-0.2873801072222608,1.0577822902961833,0.0
-0.032599068331943815,0.6157997811176921,-0.25259284864245324,-0.2919404220643742,0.729017621351777,0.0
-0.032599068331943815,0.6157997811176921,-0.2235187946882277,-0.22441064355935883,0.6194293983703082,0.0
-0.032599068331943815,-1.623904442098006,-0.2004202242056303,-0.05560829184547409,-0.47645283144437933,0.0
-0.032599068331943815,0.6157997811176921,-0.3015242030575102,-0.07571433112029544,0.6194293983703082,0.0
-0.032599068331943815,-1.623904442098006,-0.28162888558698224,-0.10620480826233221,-0.5860410544258481,0.0
-0.032599068331943815,0.6157997811176921,-0.2576759486825102,-0.12145004683335059,0.1810765064444332,0.0
-0.032599068331943815,0.6157997811176921,-0.2350946353754085,-0.30947465587591066,-0.47645283144437933,0.0
-0.032599068331943815,0.6157997811176921,-0.2885123357000968,-0.3205219302027356,-0.3668646084629106,0.0
-0.032599068331943815,0.6157997811176921,-0.3034437232817554,-0.22131740674784783,-0.8052175003887856,0.0
-0.032599068331943815,0.6157997811176921,-0.2983810620894858,-0.32273138506810056,0.1810765064444332,0.0
-0.032599068331943815,0.6157997811176921,-0.2798636541971393,0.09927449421661123,-0.47645283144437933,0.0
-0.032599068331943815,0.6157997811176921,-0.15628270179150322,-0.3165515398096747,0.4002529524073707,0.0
-0.032599068331943815,0.6157997811176921,-0.09020913893881777,-0.2818564700588484,-0.5860410544258481,0.0
-0.032599068331943815,0.6157997811176921,-0.25497399322998465,-0.24650519221300865,-0.3668646084629106,0.0
-0.032599068331943815,0.6157997811176921,-0.235323189120832,0.06237659796501602,-0.3668646084629106,0.0
-0.032599068331943815,-1.623904442098006,-0.25812613030228376,-0.32494083993346556,-0.14768816249997307,0.0
-0.032599068331943815,0.6157997811176921,-0.2734170985707063,-0.23125995364199026,1.0577822902961833,0.0
-0.032599068331943815,-1.623904442098006,0.10877222857860343,0.331930091539544,0.29066472942590194,0.0
-0.032599068331943815,0.6157997811176921,-0.3020512467899575,-0.28237569195220913,-0.5860410544258481,0.0
-0.032599068331943815,-1.623904442098006,-0.3019890645127112,0.050666487178581604,-0.03809993951850431,0.0
-0.032599068331943815,0.6157997811176921,-0.04187442573237545,0.15230141098537084,0.4002529524073707,0.0
-0.032599068331943815,0.6157997811176921,-0.29174912649002727,-0.2785422877608009,-0.8052175003887856,0.0
-0.032599068331943815,0.6157997811176921,-0.2652594387424934,-0.3218476031219546,-2.996981960018161,0.0
-0.032599068331943815,0.6157997811176921,-0.3027234326901177,-0.29909021800869523,-0.6956292774073168,0.0
-0.032599068331943815,-1.623904442098006,-0.2897129203944361,-0.3205219302027356,-0.2572763854814418,0.0
-0.032599068331943815,0.6157997811176921,-0.1830752458360854,-0.2873801072222608,1.9344880741479333,0.0
-0.032599068331943815,0.6157997811176921,-0.27134716649423574,-0.30947465587591066,0.07148828346296444,0.0
-0.032599068331943815,0.6157997811176921,0.884930283948997,-0.29798549057601276,-0.14768816249997307,0.0
-0.032599068331943815,0.6157997811176921,-0.30327328662838293,-0.3196381482565896,0.29066472942590194,0.0
-0.032599068331943815,-1.623904442098006,-0.26032072805807627,-0.29842738154908577,0.729017621351777,0.0
-0.032599068331943815,0.6157997811176921,0.06738262079407079,-0.3165449114450786,0.07148828346296444,0.0
-0.032599068331943815,0.6157997811176921,-0.1818553891526722,-0.270588250245487,0.8386058443332457,0.0
-0.032599068331943815,0.6157997811176921,-0.2661641306514615,-0.3293597496641955,-0.2572763854814418,0.0
-0.032599068331943815,0.6157997811176921,-0.13841971343438947,-0.23037617169584426,0.07148828346296444,0.0
-0.032599068331943815,0.6157997811176921,-0.24655356434762138,-0.3293597496641955,0.5098411753888394,0.0
-0.032599068331943815,0.6157997811176921,-0.10403897425436653,-0.24871464707837362,0.07148828346296444,0.0
-0.032599068331943815,0.6157997811176921,-0.24979506021300935,-0.23214373558813625,0.5098411753888394,0.0
-0.032599068331943815,0.6157997811176921,-0.2891356264561027,-0.15834794308494582,0.9481940673147145,0.0
-0.032599068331943815,0.6157997811176921,-0.2772432282921413,-0.28782199819533383,0.5098411753888394,0.0
-0.032599068331943815,0.6157997811176921,-0.25536985945867685,-0.2873801072222608,0.07148828346296444,0.0
-0.032599068331943815,-1.623904442098006,-0.2231829652223732,-0.3165449114450786,0.07148828346296444,0.0
-0.032599068331943815,0.6157997811176921,-0.2345243049487522,-0.32582462187961153,0.29066472942590194,0.0
-0.032599068331943815,0.6157997811176921,-0.19816916554434783,0.3699327152238217,0.9481940673147145,0.0
-0.032599068331943815,0.6157997811176921,-0.10949558200454167,-0.1990019126076615,0.4002529524073707,0.0
-0.032599068331943815,0.6157997811176921,-0.10201899125895282,0.11032176854343616,0.1810765064444332,0.0
-0.032599068331943815,0.6157997811176921,-0.30192752212572704,-0.30947465587591066,-0.3668646084629106,0.0
-0.032599068331943815,0.6157997811176921,0.014376558111008205,2.2884023748202367,0.5098411753888394,0.0
-0.032599068331943815,-1.623904442098006,-0.2978424250511113,0.04315434063634066,-0.14768816249997307,0.0
-0.032599068331943815,0.6157997811176921,-0.29716937341706684,-0.11062371799306218,0.729017621351777,0.0
-0.032599068331943815,-1.623904442098006,0.08994127445776917,-0.1990019126076615,0.6194293983703082,0.0
-0.032599068331943815,0.6157997811176921,-0.28584060565231023,-0.30947465587591066,0.8386058443332457,0.0
-0.032599068331943815,0.6157997811176921,0.3688120754794667,0.260564699388255,1.0577822902961833,0.0
-0.032599068331943815,0.6157997811176921,-0.3030819594399792,-0.3143354565797136,-0.2572763854814418,0.0
-0.032599068331943815,0.6157997811176921,-0.28451618337192963,-0.2122011959733519,-0.2572763854814418,0.0
-0.032599068331943815,0.6157997811176921,-0.2802943756248206,-0.24915653805144664,-0.3668646084629106,0.0
-0.032599068331943815,0.6157997811176921,6.984260074238611,1.7886236842746774,0.8386058443332457,0.0
-0.032599068331943815,-1.623904442098006,-0.27321899607364375,-0.29400847181835577,-2.996981960018161,0.0
-0.032599068331943815,0.6157997811176921,-0.28057408295061814,0.09816976678392875,0.4002529524073707,0.0
-0.032599068331943815,0.6157997811176921,-0.22648799842673922,-0.2286086078035523,0.8386058443332457,0.0
-0.032599068331943815,0.6157997811176921,-0.2967348502884159,-0.265285558568611,-0.3668646084629106,0.0
-0.032599068331943815,0.6157997811176921,-0.20263383046627104,-0.3209638211758086,0.4002529524073707,0.0
-0.032599068331943815,0.6157997811176921,-0.2583604807006709,0.12229038554911828,0.729017621351777,0.0
-0.032599068331943815,0.6157997811176921,-0.2877147313085415,-0.265285558568611,-0.14768816249997307,0.0
-0.032599068331943815,0.6157997811176921,-0.24200089569434108,-0.2739355743665149,0.5098411753888394,0.0
-0.032599068331943815,-1.623904442098006,-0.04824731869744586,-0.30041589092791426,0.4002529524073707,0.0
-0.032599068331943815,0.6157997811176921,-0.23004236298974906,-0.21004918693448643,0.5098411753888394,0.0
-0.032599068331943815,0.6157997811176921,-0.2345015323835379,-0.3105793833085932,0.07148828346296444,0.0
-0.032599068331943815,-1.623904442098006,-0.3031287090697249,-0.2787632332473374,-0.47645283144437933,0.0
-0.032599068331943815,0.6157997811176921,0.553637715334851,0.5959599479506595,0.5098411753888394,0.0
-0.032599068331943815,0.6157997811176921,0.5698051074188927,0.5405026308299985,0.6194293983703082,0.0
-0.032599068331943815,0.6157997811176921,-0.3032895097285604,-0.29311143314301763,-0.2572763854814418,0.0
-0.032599068331943815,0.6157997811176921,-0.266403863656172,-0.2876010527087973,0.8386058443332457,0.0
-0.032599068331943815,0.6157997811176921,-0.26770577685556396,-0.32427800347385605,0.07148828346296444,0.0
-0.032599068331943815,-1.623904442098006,-0.29975972447974053,-0.30925371038937416,-0.5860410544258481,0.0
-0.032599068331943815,0.6157997811176921,0.09881399283371098,-0.11062371799306218,1.167370513277652,0.0
-0.032599068331943815,0.6157997811176921,0.7339163702681075,-0.3293597496641955,0.4002529524073707,0.0
-0.032599068331943815,0.6157997811176921,-0.2488139578786115,-0.30947465587591066,0.5098411753888394,0.0
-0.032599068331943815,0.6157997811176921,4.223822152322287,10.715705122295356,-2.996981960018161,0.0
-0.032599068331943815,0.6157997811176921,-0.3034348400992916,-0.27677472386850893,-0.47645283144437933,0.0
-0.032599068331943815,0.6157997811176921,-0.260371128826377,-0.29842738154908577,-0.5860410544258481,0.0
-0.032599068331943815,0.6157997811176921,-0.1595567567790571,-0.2763328328954359,-0.14768816249997307,0.0
-0.032599068331943815,0.6157997811176921,-0.28312412092677197,0.11032176854343616,0.1810765064444332,0.0
-0.032599068331943815,0.6157997811176921,-0.2839134067449184,-0.32494083993346556,-0.3668646084629106,0.0
-0.032599068331943815,-1.623904442098006,-0.03472414137991508,0.47819600362670595,0.29066472942590194,0.0
-0.032599068331943815,-1.623904442098006,-0.09553185906177429,-0.059143419630058064,0.729017621351777,0.0
-0.032599068331943815,-1.623904442098006,-0.29833002143092285,-0.2763328328954359,0.07148828346296444,0.0
-0.032599068331943815,-1.623904442098006,0.045982921317063684,-0.04652743234882403,1.2769587362591208,0.0
-0.032599068331943815,0.6157997811176921,-0.07890860162680619,-0.18905936571351908,1.167370513277652,0.0
-0.032599068331943815,0.6157997811176921,-0.20977496815204202,-0.13183448470056602,0.8386058443332457,0.0
-0.032599068331943815,0.6157997811176921,-0.2940353791157318,-0.29422941730489227,-0.2572763854814418,0.0
-0.032599068331943815,-1.623904442098006,-0.07812014390194023,-0.2659483950282205,0.4002529524073707,0.0
-0.032599068331943815,0.6157997811176921,0.054883154974280944,-0.23435319045350125,-0.14768816249997307,0.0
-0.032599068331943815,-1.623904442098006,-0.30038674165550877,-0.2879324709386021,1.3865469592405895,0.0
-0.032599068331943815,0.6157997811176921,-0.25913305409079235,-0.23280657204774574,0.9481940673147145,0.0
-0.032599068331943815,0.6157997811176921,-0.30295202407614485,-0.22109646126131136,0.5098411753888394,0.0
-0.032599068331943815,0.6157997811176921,-0.2821543484140758,0.3312672550799345,1.167370513277652,0.0
-0.032599068331943815,0.6157997811176921,-0.19848606178656134,1.2150492012259277,0.6194293983703082,0.0
-0.032599068331943815,0.6157997811176921,0.24226858172216686,-0.02177490949214008,0.07148828346296444,0.0
-0.032599068331943815,0.6157997811176921,-0.29192430585946094,-0.25843624848597957,0.1810765064444332,0.0
-0.032599068331943815,0.6157997811176921,-0.23189187169118666,0.7623318993126428,-2.996981960018161,0.0
-0.032599068331943815,-1.623904442098006,-0.09114853548436032,-0.18243100111742414,-0.03809993951850431,0.0
-0.032599068331943815,-1.623904442098006,-0.25670595032619203,-0.2763328328954359,-0.5860410544258481,0.0
-0.032599068331943815,0.6157997811176921,-0.23347533660595546,-0.2778794513011914,0.07148828346296444,0.0
-0.032599068331943815,0.6157997811176921,-0.30216029161876046,-0.30947465587591066,0.8386058443332457,0.0
-0.032599068331943815,0.6157997811176921,-0.2931449906361546,-0.21999173382862885,1.3865469592405895,0.0
-0.032599068331943815,0.6157997811176921,0.4482576886259881,-0.22109646126131136,0.29066472942590194,0.0
-0.032599068331943815,0.6157997811176921,-0.2890027927657866,-0.2866178452937099,-0.47645283144437933,0.0
-0.032599068331943815,0.6157997811176921,-0.23932434764928603,-0.29754359960293975,0.5098411753888394,0.0
-0.032599068331943815,0.6157997811176921,-0.08986292066635314,-0.271913923164706,-0.03809993951850431,0.0
-0.032599068331943815,0.6157997811176921,-0.2657500087299942,-0.22131740674784783,1.4961351822220583,0.0
-0.032599068331943815,0.6157997811176921,-0.27991330215336685,-0.19745529420190602,0.8386058443332457,0.0
-0.032599068331943815,0.6157997811176921,-0.3034007753529793,0.21968978437900283,0.6194293983703082,0.0
-0.032599068331943815,0.6157997811176921,-0.18368393203787123,0.2797869567169304,-0.2572763854814418,0.0
-0.032599068331943815,0.6157997811176921,-0.28919411995419037,0.2857524848534158,-0.14768816249997307,0.0
-0.032599068331943815,0.6157997811176921,-0.1587984491777228,-0.3292824187439078,-0.5860410544258481,0.0
-0.032599068331943815,-1.623904442098006,-0.2789102177064316,-0.2774375603281184,-0.47645283144437933,0.0
-0.032599068331943815,0.6157997811176921,-0.3034360069580051,-0.2873801072222608,0.8386058443332457,0.0
-0.032599068331943815,-1.623904442098006,-0.2837320543164845,-0.2873801072222608,0.29066472942590194,0.0
-0.032599068331943815,0.6157997811176921,-0.28955848099761916,-0.32781313125844,-0.8052175003887856,0.0
-0.032599068331943815,0.6157997811176921,-0.221116646643854,-0.28075174262616587,0.6194293983703082,0.0
-0.032599068331943815,-1.623904442098006,2.44729989880254,-0.22120251509484887,-0.5860410544258481,0.0
-0.032599068331943815,-1.623904442098006,-0.2972628726765583,-0.32494083993346556,-0.6956292774073168,0.0
-0.032599068331943815,0.6157997811176921,-0.21363376991745392,-0.11946153745452211,0.8386058443332457,0.0
-0.032599068331943815,-1.623904442098006,2.726823312610495,-0.044561017518649174,1.3865469592405895,0.0
-0.032599068331943815,0.6157997811176921,-0.2866617354211531,0.13153253525094,1.7153116281849958,0.0
-0.032599068331943815,0.6157997811176921,-0.11004780730083748,6.249292111960042,-0.14768816249997307,0.0
-0.032599068331943815,0.6157997811176921,-0.06794908818395415,-0.13912568575627046,1.2769587362591208,0.0
-0.032599068331943815,0.6157997811176921,-0.2176385419438593,-0.32273138506810056,-0.6956292774073168,0.0
-0.032599068331943815,-1.623904442098006,-0.24979987821027783,-0.22220118869399383,-0.14768816249997307,0.0
-0.032599068331943815,0.6157997811176921,-0.3029182980952655,-0.2873801072222608,0.07148828346296444,0.0
-0.032599068331943815,-1.623904442098006,-0.05510080689004714,-0.331348259043024,1.2769587362591208,0.0
-0.032599068331943815,0.6157997811176921,0.08498095806685112,-0.29953210898176824,0.6194293983703082,0.0
-0.032599068331943815,0.6157997811176921,-0.2922827196875114,-0.263076103703246,-0.3668646084629106,0.0
-0.032599068331943815,0.6157997811176921,-0.22530999809459595,-0.25048221097066564,-2.996981960018161,0.0
-0.032599068331943815,0.6157997811176921,-0.24746992484372402,0.11010082305689965,-0.3668646084629106,0.0
-0.032599068331943815,0.6157997811176921,-0.224165836665143,-0.11150749993920817,0.6194293983703082,0.0
-0.032599068331943815,0.6157997811176921,-0.282384595986664,-0.30748614649708217,0.29066472942590194,0.0
-0.032599068331943815,0.6157997811176921,0.9702179069865681,-0.2639289532812769,0.07148828346296444,0.0
-0.032599068331943815,0.6157997811176921,-0.07975547756855246,-0.29909021800869523,0.6194293983703082,0.0
-0.032599068331943815,0.6157997811176921,-0.1773523308150158,-0.263076103703246,0.29066472942590194,0.0
-0.032599068331943815,0.6157997811176921,-0.3034676250650795,0.12126077958185823,0.9481940673147145,0.0
-0.032599068331943815,0.6157997811176921,-0.29858277808449973,-0.28804294368187033,0.07148828346296444,0.0
-0.032599068331943815,0.6157997811176921,-0.2915675105773678,-0.3194172027700531,-0.03809993951850431,0.0
-0.032599068331943815,-1.623904442098006,0.1756997061659196,1.4359946877624261,0.9481940673147145,0.0
-0.032599068331943815,-1.623904442098006,-0.09297146991961398,-0.268378795380122,-0.5860410544258481,0.0
-0.032599068331943815,0.6157997811176921,-0.2237898446751833,-0.05737585573776608,1.3865469592405895,0.0
-0.032599068331943815,-1.623904442098006,-0.28252431790744986,-0.2873801072222608,-0.6956292774073168,0.0
-0.032599068331943815,0.6157997811176921,-0.21237789117633812,-0.3050557461451807,-0.2572763854814418,0.0
-0.032599068331943815,0.6157997811176921,-0.3031440287954145,0.4061677750158074,0.6194293983703082,0.0
-0.032599068331943815,-1.623904442098006,-0.2996423987181323,1.2592382985332276,0.07148828346296444,0.0
-0.032599068331943815,0.6157997811176921,-0.3017549023173423,-0.0549454553858646,-0.14768816249997307,0.0
-0.032599068331943815,-1.623904442098006,-0.26228217991479863,-0.31499829303932314,-0.14768816249997307,0.0
-0.032599068331943815,0.6157997811176921,11.254009190245725,0.2210154572982218,-2.996981960018161,0.0
-0.032599068331943815,-1.623904442098006,-0.3009646754841043,-0.2876010527087973,-0.14768816249997307,0.0
-0.032599068331943815,-1.623904442098006,-0.18209662778152913,-0.28517065235689587,0.9481940673147145,0.0
-0.032599068331943815,-1.623904442098006,-0.2653776678785895,-0.23612075434579322,-0.03809993951850431,0.0
-0.032599068331943815,0.6157997811176921,-0.026499857683224055,-0.07063258492995599,-0.03809993951850431,0.0
-0.032599068331943815,0.6157997811176921,-0.20118534475622707,0.7864149573451211,-2.996981960018161,0.0
-0.032599068331943815,0.6157997811176921,-0.29230266920745124,-0.011198249051637929,0.4002529524073707,0.0
-0.032599068331943815,-1.623904442098006,-0.2180117108885445,-0.32273138506810056,-0.3668646084629106,0.0
-0.032599068331943815,0.6157997811176921,-0.18530673138346465,0.2884038306918538,0.29066472942590194,0.0
-0.032599068331943815,0.6157997811176921,-0.21499775247228123,-0.28517065235689587,0.5098411753888394,0.0
-0.032599068331943815,0.6157997811176921,-0.27853512909095973,-0.2971017086298668,-0.5860410544258481,0.0
-0.032599068331943815,0.6157997811176921,-0.252152152454802,-0.23435319045350125,-1.024393946351723,0.0
-0.032599068331943815,0.6157997811176921,-0.2845420801072477,-0.29975305446830475,0.07148828346296444,0.0
-0.032599068331943815,0.6157997811176921,3.8726642281581274,0.15141762903922484,-0.3668646084629106,0.0
-0.032599068331943815,0.6157997811176921,-0.19574097020224143,-0.3043929096855712,1.8248998511664645,0.0
-0.032599068331943815,0.6157997811176921,-0.29238167683453353,-0.21888700639594635,-0.14768816249997307,0.0
-0.032599068331943815,0.6157997811176921,-0.2079661865837645,16.391794671417998,0.07148828346296444,0.0
-0.032599068331943815,0.6157997811176921,-0.10153241117544003,-0.22109646126131136,0.4002529524073707,0.0
-0.032599068331943815,0.6157997811176921,-0.21100118609747376,-0.32692934931229406,0.4002529524073707,0.0
-0.032599068331943815,-1.623904442098006,-0.2974228076015096,-0.3314543128765615,-0.3668646084629106,0.0
-0.032599068331943815,0.6157997811176921,-0.1367515571613857,-0.16475536219450426,0.1810765064444332,0.0
-0.032599068331943815,-1.623904442098006,-0.004137537408216227,-0.24341195540149768,-0.03809993951850431,0.0
-0.032599068331943815,0.6157997811176921,-0.2996601274424561,-0.2873801072222608,-0.2572763854814418,0.0
-0.032599068331943815,0.6157997811176921,-0.22562625444654724,-0.25423828424178607,0.6194293983703082,0.0
-0.032599068331943815,0.6157997811176921,-0.29826919421540826,-0.07306298528185746,-0.03809993951850431,0.0
-0.032599068331943815,0.6157997811176921,-0.04635222722497599,-0.27522810546275345,0.5098411753888394,0.0
-0.032599068331943815,-1.623904442098006,-0.23495431120496404,-0.26749501343397597,-0.14768816249997307,0.0
-0.032599068331943815,0.6157997811176921,-0.295262876841688,0.4561014549730561,0.4002529524073707,0.0
-0.032599068331943815,-1.623904442098006,-0.1231116563319053,-0.323411897166633,-0.6956292774073168,0.0
-0.032599068331943815,0.6157997811176921,-0.2893682830273252,-0.30947465587591066,0.1810765064444332,0.0
-0.032599068331943815,-1.623904442098006,0.10998188465842473,0.44858930843081507,0.5098411753888394,0.0
-0.032599068331943815,0.6157997811176921,-0.29341306701542114,-0.3293597496641955,0.4002529524073707,0.0
-0.032599068331943815,0.6157997811176921,0.663343023810284,-0.1329392121332485,0.07148828346296444,0.0
-0.032599068331943815,0.6157997811176921,0.09728883321401155,-0.32494083993346556,0.4002529524073707,0.0
-0.032599068331943815,0.6157997811176921,-0.18121305225121437,-0.29842738154908577,-0.3668646084629106,0.0
-0.032599068331943815,-1.623904442098006,-0.16792189161464383,-0.07173731236263847,0.07148828346296444,0.0
-0.032599068331943815,0.6157997811176921,-0.23233949374991134,-0.265285558568611,-0.3668646084629106,0.0
-0.032599068331943815,0.6157997811176921,-0.05439911075661749,0.02857193852493177,-0.2572763854814418,0.0
-0.032599068331943815,0.6157997811176921,-0.09916297281564689,-0.12150749265985009,0.1810765064444332,0.0
-0.032599068331943815,0.6157997811176921,-0.244260649335069,-0.29842738154908577,-0.03809993951850431,0.0
-0.032599068331943815,0.6157997811176921,-0.303224015078192,-0.23148089912852676,2.153664520110871,0.0
-0.032599068331943815,0.6157997811176921,0.1911599065883975,0.3825266079564021,0.9481940673147145,0.0
-0.032599068331943815,0.6157997811176921,-0.29091670454008645,-0.32715029479883057,0.29066472942590194,0.0
-0.032599068331943815,-1.623904442098006,-0.24655356434762138,-0.32604556736614804,-2.996981960018161,0.0
-0.032599068331943815,0.6157997811176921,-0.22355052571711306,-0.2855352124096811,-0.14768816249997307,0.0
-0.032599068331943815,-1.623904442098006,-0.22695647337989153,-0.0551664008724011,-0.14768816249997307,0.0
-0.032599068331943815,0.6157997811176921,-0.1790545141937282,-0.1990019126076615,-0.6956292774073168,0.0
-0.032599068331943815,0.6157997811176921,0.12940537716207468,-0.17889587333284016,-0.2572763854814418,0.0
-0.032599068331943815,-1.623904442098006,-0.2015262933441793,0.3312672550799345,1.2769587362591208,0.0
-0.032599068331943815,-1.623904442098006,-0.20338799760120274,-0.26152948529749054,-0.03809993951850431,0.0
-0.032599068331943815,0.6157997811176921,-0.18897559866280822,-0.18596612890200812,1.0577822902961833,0.0
-0.032599068331943815,-1.623904442098006,-0.0434930846115663,-0.22131740674784783,0.07148828346296444,0.0
-0.032599068331943815,0.6157997811176921,-0.2257249104687401,-0.26395988564939205,-0.3668646084629106,0.0
-0.032599068331943815,-1.623904442098006,-0.2764901150941121,-0.15768510662533633,-0.8052175003887856,0.0
-0.032599068331943815,0.6157997811176921,-0.30072663630655855,-0.30947465587591066,-0.8052175003887856,0.0
-0.032599068331943815,0.6157997811176921,-0.2974257435685951,-0.16586008962718676,0.4002529524073707,0.0
-0.032599068331943815,0.6157997811176921,-0.2471035312076976,-0.07748189501258743,1.2769587362591208,0.0
-0.032599068331943815,-1.623904442098006,0.16828488365093675,-0.265285558568611,0.6194293983703082,0.0
-0.032599068331943815,0.6157997811176921,-0.22022723681997192,0.8823052985019614,0.07148828346296444,0.0
-0.032599068331943815,-1.623904442098006,0.0982443022973169,3.446598615244561,0.5098411753888394,0.0
-0.032599068331943815,0.6157997811176921,-0.25529992321707656,-0.198780967121125,-2.996981960018161,0.0
-0.032599068331943815,0.6157997811176921,-0.1786386984450962,-0.203526876171929,0.5098411753888394,0.0
-0.032599068331943815,0.6157997811176921,0.03302868172385379,-0.2763328328954359,-0.03809993951850431,0.0
-0.032599068331943815,0.6157997811176921,-0.03203027865717644,-0.24783086513222763,0.1810765064444332,0.0
-0.032599068331943815,-1.623904442098006,-0.30294807181276057,0.29635786820716775,0.4002529524073707,0.0
-0.032599068331943815,-1.623904442098006,0.9950238928917867,0.8237547445697894,0.29066472942590194,0.0
-0.032599068331943815,0.6157997811176921,0.7839783354952997,0.14942911966039635,-0.03809993951850431,0.0
-0.032599068331943815,0.6157997811176921,-0.3034707492351833,-0.2520288293764211,-2.996981960018161,0.0
-0.032599068331943815,-1.623904442098006,-0.2641039851319425,-0.19016409314620158,0.1810765064444332,0.0
-0.032599068331943815,0.6157997811176921,-0.27933898182272265,-0.3200800392296626,-0.14768816249997307,0.0
-0.032599068331943815,0.6157997811176921,-0.2636555349799373,-0.26395988564939205,0.5098411753888394,0.0
-0.032599068331943815,-1.623904442098006,0.08065006785033554,-0.11283317285842716,1.0577822902961833,0.0
-0.032599068331943815,0.6157997811176921,-0.28744849931885436,-0.30947465587591066,-0.03809993951850431,0.0
-0.032599068331943815,0.6157997811176921,-0.25800233035684605,-0.3205219302027356,-0.47645283144437933,0.0
-0.032599068331943815,-1.623904442098006,-0.22384129938038655,-0.011419194538174427,1.167370513277652,0.0
-0.032599068331943815,0.6157997811176921,0.09336754804652403,-0.2743443235166074,0.29066472942590194,0.0
-0.032599068331943815,0.6157997811176921,-0.21718391873285384,-0.24540046478032615,0.8386058443332457,0.0
-0.032599068331943815,0.6157997811176921,-0.2940206616397008,0.331046309593398,-0.3668646084629106,0.0
-0.032599068331943815,0.6157997811176921,-0.3031570524442808,-0.1990019126076615,-0.3668646084629106,0.0
-0.032599068331943815,-1.623904442098006,-0.14448237254409418,0.13109064427786699,-0.14768816249997307,0.0
-0.032599068331943815,0.6157997811176921,-0.2008679215455623,0.331046309593398,-0.3668646084629106,0.0
-0.032599068331943815,0.6157997811176921,-0.26077501250364876,-0.24319100991496118,-0.14768816249997307,0.0
-0.032599068331943815,0.6157997811176921,-0.2073224193393676,-0.2409815550495962,0.9481940673147145,0.0
-0.032599068331943815,0.6157997811176921,-0.2421906796179948,-0.11062371799306218,-2.996981960018161,0.0
-0.032599068331943815,-1.623904442098006,0.3176939149135749,-0.30947465587591066,-2.996981960018161,0.0
-0.032599068331943815,0.6157997811176921,-0.1345223676908297,-0.23295902443345595,-0.2572763854814418,0.0
-0.032599068331943815,0.6157997811176921,-0.30266023411657256,-0.32494083993346556,-0.14768816249997307,0.0
-0.032599068331943815,0.6157997811176921,-0.2288040624105425,-0.265285558568611,1.3865469592405895,0.0
-0.032599068331943815,0.6157997811176921,-0.3034761318415067,-0.3205219302027356,-0.5860410544258481,0.0
-0.032599068331943815,0.6157997811176921,-0.2712017608422972,-0.18353572855010664,0.29066472942590194,0.0
-0.032599068331943815,0.6157997811176921,0.08844321607270493,-0.30129967287406023,-0.14768816249997307,0.0
-0.032599068331943815,-1.623904442098006,-0.30344007214320035,-0.29842738154908577,-0.6956292774073168,0.0
-0.032599068331943815,0.6157997811176921,-0.28406603939275965,-0.32715029479883057,-0.9148057233702543,0.0
-0.032599068331943815,0.6157997811176921,-0.2964700110010641,-0.29909021800869523,-0.47645283144437933,0.0
-0.032599068331943815,-1.623904442098006,-0.19200751164701732,-0.2553430116744686,-0.03809993951850431,0.0
-0.032599068331943815,-1.623904442098006,-0.24296792044297005,-0.32604556736614804,-0.47645283144437933,0.0
-0.032599068331943815,0.6157997811176921,-0.2836920047141903,-0.05870152865698507,-2.996981960018161,0.0
-0.032599068331943815,0.6157997811176921,-0.30180481375779544,-0.22198024320745732,0.6194293983703082,0.0
-0.032599068331943815,0.6157997811176921,-0.27801422077690907,-0.2122586417998514,1.3865469592405895,0.0
-0.032599068331943815,-1.623904442098006,-0.3014951445114847,-0.32781313125844,-0.5860410544258481,0.0
-0.032599068331943815,0.6157997811176921,3.7831135432718357,0.11032176854343616,0.9481940673147145,0.0
-0.032599068331943815,-1.623904442098006,-0.23574965716029977,-0.13813143106685621,-0.3668646084629106,0.0
-0.032599068331943815,0.6157997811176921,-0.30059579756823634,-0.20231609490570898,0.1810765064444332,0.0
-0.032599068331943815,0.6157997811176921,-0.26821836659620585,0.2760308834458099,1.9344880741479333,0.0
-0.032599068331943815,0.6157997811176921,-0.2772024635183776,-0.260866648837881,-0.5860410544258481,0.0
-0.032599068331943815,-1.623904442098006,-0.29536153286388084,-0.21027013242102294,1.2769587362591208,0.0
-0.032599068331943815,0.6157997811176921,-0.2918795135411055,-0.2873801072222608,-0.14768816249997307,0.0
-0.032599068331943815,-1.623904442098006,-0.24783138756067094,-0.11062371799306218,0.4002529524073707,0.0
-0.032599068331943815,0.6157997811176921,-0.23894191911610047,-0.11283317285842716,0.6194293983703082,0.0
-0.032599068331943815,0.6157997811176921,-0.10169866972180622,-0.17646547298093868,0.729017621351777,0.0
-0.032599068331943815,-1.623904442098006,0.024999037588688575,-0.027769160541875303,0.5098411753888394,0.0
-0.032599068331943815,0.6157997811176921,-0.29101276336062676,-0.12719462948329954,-0.3668646084629106,0.0
-0.032599068331943815,0.6157997811176921,1.1009216284633891,-0.08433120509521888,0.4002529524073707,0.0
-0.032599068331943815,0.6157997811176921,-0.2084239716054774,-0.15278011682422604,1.167370513277652,0.0
-0.032599068331943815,0.6157997811176921,-0.3034004365875464,-0.3293597496641955,-0.14768816249997307,0.0
-0.032599068331943815,0.6157997811176921,0.7255868058029795,-0.31124221976820265,1.167370513277652,0.0
-0.032599068331943815,-1.623904442098006,-0.27801572640105543,-0.2834030884646039,-0.2572763854814418,0.0
-0.032599068331943815,0.6157997811176921,-0.28046210215472966,-0.31168411074127567,0.729017621351777,0.0
-0.032599068331943815,0.6157997811176921,-0.2999630966613155,-0.3205219302027356,-0.3668646084629106,0.0
-0.032599068331943815,-1.623904442098006,-0.3022954966671072,-0.1857451834154716,1.167370513277652,0.0
-0.032599068331943815,0.6157997811176921,-0.22827141022814987,1.2269802574988988,0.5098411753888394,0.0
-0.032599068331943815,-1.623904442098006,0.16373428523085778,0.998743569906696,-2.996981960018161,0.0
-0.032599068331943815,-1.623904442098006,-0.2628551075431075,-0.11946153745452211,-0.6956292774073168,0.0
-0.032599068331943815,0.6157997811176921,0.2554231069674517,0.1545108658507358,0.9481940673147145,0.0
-0.032599068331943815,0.6157997811176921,-0.2973786175328128,-0.22264307966706684,0.9481940673147145,0.0
-0.032599068331943815,0.6157997811176921,-0.1949481461673509,0.0018375346540154725,0.9481940673147145,0.0
-0.032599068331943815,0.6157997811176921,-0.21154196865025693,-0.31168411074127567,0.1810765064444332,0.0
-0.032599068331943815,0.6157997811176921,-0.07490247453866904,3.8745258335684505,0.729017621351777,0.0
-0.032599068331943815,-1.623904442098006,0.5436772587943426,-0.29732265411640324,-0.03809993951850431,0.0
-0.032599068331943815,-1.623904442098006,-0.22876167909082132,-0.26970446829934097,-0.3668646084629106,0.0
-0.032599068331943815,-1.623904442098006,-0.29088926454001834,-0.2964388721702573,-0.14768816249997307,0.0
-0.032599068331943815,0.6157997811176921,0.08331031751400583,-0.31676585693161513,-0.5860410544258481,0.0
-0.032599068331943815,0.6157997811176921,-0.2943719990342632,-0.297532552328613,0.07148828346296444,0.0
-0.032599068331943815,-1.623904442098006,2.5946542424331898,0.3953878447276917,1.4961351822220583,0.0
-0.032599068331943815,0.6157997811176921,-0.2792387825357797,-0.1990019126076615,-0.03809993951850431,0.0
-0.032599068331943815,-1.623904442098006,-0.2865337197281055,-0.3205219302027356,-0.47645283144437933,0.0
-0.032599068331943815,0.6157997811176921,-0.26570021021135204,-0.3293597496641955,-0.47645283144437933,0.0
-0.032599068331943815,-1.623904442098006,0.22404409300750253,0.5522127416164329,1.9344880741479333,0.0
-0.032599068331943815,0.6157997811176921,-0.12953645568942285,-0.18022154625205916,0.6194293983703082,0.0
-0.032599068331943815,0.6157997811176921,-0.2620051450718611,3.209150710318651,0.5098411753888394,0.0
-0.032599068331943815,0.6157997811176921,-0.30036253874735536,-0.30969560136244717,-0.47645283144437933,0.0
-0.032599068331943815,0.6157997811176921,-0.29411231650961284,-0.3293597496641955,-0.5860410544258481,0.0
-0.032599068331943815,0.6157997811176921,-0.23423274083280188,-0.16475536219450426,0.8386058443332457,0.0
-0.032599068331943815,0.6157997811176921,-0.034975693534174845,-0.30947465587591066,0.6194293983703082,0.0
-0.032599068331943815,0.6157997811176921,-0.2877493606639087,-0.3079280374701552,-0.03809993951850431,0.0
-0.032599068331943815,0.6157997811176921,2.642601746749782,-0.046328581410941164,0.8386058443332457,0.0
-0.032599068331943815,0.6157997811176921,-0.20624420424752696,-0.2427491189418882,-0.03809993951850431,0.0
-0.032599068331943815,0.6157997811176921,-0.26306574436118885,-0.21623566055750837,-0.14768816249997307,0.0
-0.032599068331943815,0.6157997811176921,-0.24655356434762138,0.5056948788810385,-0.5860410544258481,0.0
-0.032599068331943815,0.6157997811176921,-0.30346371044229886,-0.22109646126131136,-0.03809993951850431,0.0
-0.032599068331943815,0.6157997811176921,-0.09630597571664577,-0.3092205685663937,-0.14768816249997307,0.0
-0.032599068331943815,-1.623904442098006,0.0770590789799645,0.14235886409122842,-0.3668646084629106,0.0
-0.032599068331943815,0.6157997811176921,-0.2872074488930157,-0.30454757152614675,-0.47645283144437933,0.0
-0.032599068331943815,-1.623904442098006,-0.2147293373275818,0.3036490692628722,0.29066472942590194,0.0
-0.032599068331943815,0.6157997811176921,-0.2998175404469623,-0.19747738875055967,-0.2572763854814418,0.0
-0.032599068331943815,-1.623904442098006,-0.15225297404487126,-0.15039390556963186,-0.03809993951850431,0.0
-0.032599068331943815,0.6157997811176921,0.39703774786779966,0.2879619397187808,0.6194293983703082,0.0
-0.032599068331943815,0.6157997811176921,-0.2961750592307844,-0.3311516175600065,-0.03809993951850431,0.0
-0.032599068331943815,0.6157997811176921,-0.29537222279532027,-0.2873801072222608,0.07148828346296444,0.0
-0.032599068331943815,-1.623904442098006,0.08435623696790615,-0.33032528144036,-2.996981960018161,0.0
-0.032599068331943815,0.6157997811176921,-0.301389939024255,-0.3293597496641955,-0.47645283144437933,0.0
-0.032599068331943815,-1.623904442098006,-0.1413096837021967,-0.00015097472481301254,1.2769587362591208,0.0
-0.032599068331943815,0.6157997811176921,-0.30321400267761844,-0.265285558568611,0.29066472942590194,0.0
-0.032599068331943815,0.6157997811176921,-0.26104929958251916,-0.1990019126076615,-2.996981960018161,0.0
-0.032599068331943815,0.6157997811176921,0.5372078929620915,2.1651147933328705,0.07148828346296444,0.0
-0.032599068331943815,0.6157997811176921,-0.2989584689496302,-0.2876010527087973,-0.5860410544258481,0.0
-0.032599068331943815,0.6157997811176921,-0.1975157246648103,-0.06002720157620406,0.8386058443332457,0.0
-0.032599068331943815,0.6157997811176921,-0.29574516589638356,-0.04434007203211268,1.2769587362591208,0.0
-0.032599068331943815,0.6157997811176921,-0.25215256650144224,-0.26064570335134457,-0.2572763854814418,0.0
-0.032599068331943815,-1.623904442098006,-0.1916927985598161,-0.2520288293764211,0.07148828346296444,0.0
-0.032599068331943815,0.6157997811176921,-0.2740540528658407,0.17196555928711918,1.0577822902961833,0.0
-0.032599068331943815,0.6157997811176921,-0.2905837357601101,-0.265285558568611,-0.47645283144437933,0.0
-0.032599068331943815,-1.623904442098006,-0.271757750198959,-0.11062371799306218,-0.03809993951850431,0.0
-0.032599068331943815,0.6157997811176921,-0.10441176679301514,-0.3211847666623451,-0.03809993951850431,0.0
-0.032599068331943815,-1.623904442098006,-0.2576940538128707,-0.12365950169871558,0.4002529524073707,0.0
-0.032599068331943815,0.6157997811176921,0.14599961369162093,-0.09029673323170433,-2.996981960018161,0.0
-0.032599068331943815,0.6157997811176921,-0.25705182983322383,-0.3205219302027356,-0.47645283144437933,0.0
-0.032599068331943815,0.6157997811176921,-0.2847197061159192,0.011117245088548403,0.1810765064444332,0.0
-0.032599068331943815,0.6157997811176921,-0.160849598592967,-0.30152061836059674,0.729017621351777,0.0
-0.032599068331943815,-1.623904442098006,-0.17919002036690418,-0.20796567099644725,0.9481940673147145,0.0
-0.032599068331943815,0.6157997811176921,0.4080548514342514,-0.12829935691598204,1.8248998511664645,0.0
-0.032599068331943815,0.6157997811176921,-0.2982542132551516,2.491230331460742,-2.996981960018161,0.0
-0.032599068331943815,0.6157997811176921,-0.2553920297742326,-0.1369604199882128,0.29066472942590194,0.0
-0.032599068331943815,0.6157997811176921,-0.20108288703306454,-0.19747738875055967,-0.03809993951850431,0.0
-0.032599068331943815,0.6157997811176921,4.462731392421709,-0.1492891781369494,1.4961351822220583,0.0
-0.032599068331943815,0.6157997811176921,4.472177000785355,-0.3315692045295605,0.07148828346296444,0.0
-0.032599068331943815,0.6157997811176921,-0.2685944715079765,-0.3092205685663937,0.07148828346296444,0.0
-0.032599068331943815,-1.623904442098006,-0.3026230828407601,-0.3231732760411736,-2.996981960018161,0.0
-0.032599068331943815,0.6157997811176921,-0.24510982135363854,-0.3205219302027356,-0.8052175003887856,0.0
-0.032599068331943815,-1.623904442098006,-0.22446605811993517,-0.22131740674784783,-0.9148057233702543,0.0
-0.032599068331943815,0.6157997811176921,-0.2398056580482864,-0.23214373558813625,0.07148828346296444,0.0
-0.032599068331943815,0.6157997811176921,1.3603466161034663,-0.0015539785643197569,0.29066472942590194,0.0
-0.032599068331943815,0.6157997811176921,-0.22394149866732946,-0.2986483270356223,-0.47645283144437933,0.0
-0.032599068331943815,0.6157997811176921,-0.3032998985351706,-0.3205219302027356,-0.03809993951850431,0.0
-0.032599068331943815,0.6157997811176921,-0.27938825337291356,-0.22220118869399383,0.5098411753888394,0.0
-0.032599068331943815,-1.623904442098006,-0.17246548888244206,0.03144422984990625,-0.2572763854814418,0.0
-0.032599068331943815,0.6157997811176921,3.374320100939866,-0.05538734635893759,-0.03809993951850431,0.0
-0.032599068331943815,0.6157997811176921,-0.24782589203253658,-0.29842738154908577,1.167370513277652,0.0
-0.032599068331943815,0.6157997811176921,-0.26540059100621843,0.24288906046533515,0.07148828346296444,0.0
-0.032599068331943815,0.6157997811176921,0.6779518314185764,-0.29842738154908577,0.1810765064444332,0.0
-0.032599068331943815,0.6157997811176921,-0.1996808121873333,-0.2785422877608009,-0.3668646084629106,0.0
-0.032599068331943815,-1.623904442098006,-0.2510718294891564,-0.2986483270356223,-2.996981960018161,0.0
-0.032599068331943815,-1.623904442098006,-0.3030584340626917,0.463613601515297,-0.5860410544258481,0.0
-0.032599068331943815,0.6157997811176921,2.0899389537176263,0.262332263280547,-0.03809993951850431,0.0
-0.032599068331943815,0.6157997811176921,-0.27136779354504137,-0.24429573734764368,-0.8052175003887856,0.0
-0.032599068331943815,-1.623904442098006,-0.2693082126345773,0.07233461104321598,-0.2572763854814418,0.0
-0.032599068331943815,-1.623904442098006,-0.24941680978683,0.17660541450438566,0.1810765064444332,0.0
-0.032599068331943815,0.6157997811176921,-0.14308048590138125,-0.24893559256491013,1.167370513277652,0.0
-0.032599068331943815,0.6157997811176921,-0.25975039763141994,-0.32494083993346556,-0.47645283144437933,0.0
-0.032599068331943815,-1.623904442098006,0.5639903869654964,-0.20496744074414697,-0.5860410544258481,0.0
-0.032599068331943815,0.6157997811176921,-0.2628772025774559,-0.2763328328954359,0.29066472942590194,0.0
-0.032599068331943815,0.6157997811176921,-0.1582135518374501,2.9826130935179145,0.6194293983703082,0.0
-0.032599068331943815,-1.623904442098006,-0.15873525060417765,-0.1864080198750811,-2.996981960018161,0.0
-0.032599068331943815,0.6157997811176921,-0.28335813255972614,-0.2931246898722098,1.4961351822220583,0.0
-0.032599068331943815,0.6157997811176921,-0.30024250286228366,0.1832337791004806,1.3865469592405895,0.0
-0.032599068331943815,-1.623904442098006,1.1293458926766322,0.4227386865060448,0.1810765064444332,0.0
-0.032599068331943815,0.6157997811176921,-0.30021690725179484,-0.2873801072222608,-0.47645283144437933,0.0
-0.032599068331943815,0.6157997811176921,-0.2251070776002649,11.670631515106102,-0.2572763854814418,0.0
-0.032599068331943815,0.6157997811176921,0.0037731247787797296,-0.16652292608679625,0.07148828346296444,0.0
-0.032599068331943815,-1.623904442098006,-0.30202877534957245,-0.29842738154908577,1.167370513277652,0.0
-0.032599068331943815,-1.623904442098006,-0.30212686676271044,-0.22109646126131136,-0.3668646084629106,0.0
-0.032599068331943815,0.6157997811176921,-0.14991112624756092,0.06414416185730801,1.2769587362591208,0.0
-0.032599068331943815,-1.623904442098006,-0.3034631834738476,-0.29842738154908577,0.5098411753888394,0.0
-0.032599068331943815,0.6157997811176921,-0.17533422984978506,-0.22441064355935883,-0.2572763854814418,0.0
-0.032599068331943815,0.6157997811176921,-0.2708064215820562,-0.28649632527611485,0.29066472942590194,0.0
-0.032599068331943815,0.6157997811176921,-0.08296452723358548,-0.11062371799306218,1.8248998511664645,0.0
-0.032599068331943815,0.6157997811176921,1.0621682556373917,2.319555688421883,0.8386058443332457,0.0
-0.032599068331943815,0.6157997811176921,0.25895639279241195,-0.2763328328954359,0.9481940673147145,0.0
-0.032599068331943815,0.6157997811176921,0.7352648072536232,-0.19126882057888406,0.07148828346296444,0.0
-0.032599068331943815,0.6157997811176921,-0.2583536301108048,-0.22109646126131136,1.0577822902961833,0.0
-0.032599068331943815,0.6157997811176921,-0.12650597304815284,-0.3205219302027356,0.07148828346296444,0.0
-0.032599068331943815,-1.623904442098006,-0.26859563836669,0.09872213050026998,-0.6956292774073168,0.0
-0.032599068331943815,0.6157997811176921,-0.26222244427679026,-0.2873801072222608,-0.47645283144437933,0.0
-0.032599068331943815,0.6157997811176921,-0.2627019855674186,-0.3205219302027356,-0.2572763854814418,0.0
-0.032599068331943815,0.6157997811176921,-0.23757963038843785,1.5656896883593507,-0.2572763854814418,0.0
-0.032599068331943815,0.6157997811176921,-0.16479162373307116,0.08822721988978632,0.07148828346296444,0.0
-0.032599068331943815,0.6157997811176921,0.09362354179201571,-0.17356003983298374,0.5098411753888394,0.0
-0.032599068331943815,0.6157997811176921,-0.1611616391973084,-0.3194172027700531,0.4002529524073707,0.0
-0.032599068331943815,0.6157997811176921,-0.264056106284087,-0.29842738154908577,0.729017621351777,0.0
-0.032599068331943815,0.6157997811176921,-0.24655356434762138,-0.2836240339511404,-0.03809993951850431,0.0
-0.032599068331943815,0.6157997811176921,-0.3033675763405512,-0.1605573979503108,-0.9148057233702543,0.0
-0.032599068331943815,0.6157997811176921,-0.3004426379519438,-0.32626651285268454,-0.5860410544258481,0.0
-0.032599068331943815,-1.623904442098006,-0.29607881220722576,-0.22109646126131136,0.29066472942590194,0.0
-0.032599068331943815,-1.623904442098006,-0.03472414137991508,-0.11062371799306218,0.29066472942590194,0.0
-0.032599068331943815,0.6157997811176921,-0.2721362264687603,-0.28218788828865315,0.1810765064444332,0.0
-0.032599068331943815,0.6157997811176921,-0.2762641209097375,0.03299084825566174,0.4002529524073707,0.0
-0.032599068331943815,-1.623904442098006,-0.006782919033440823,0.23294651357119273,-0.03809993951850431,0.0
-0.032599068331943815,0.6157997811176921,-0.30133340283755766,-0.2895895620876258,0.729017621351777,0.0
-0.032599068331943815,0.6157997811176921,0.04128864871281453,-0.3143354565797136,0.29066472942590194,0.0
-0.032599068331943815,-1.623904442098006,-0.2345325858815574,-0.2537963932687131,1.167370513277652,0.0
-0.032599068331943815,0.6157997811176921,1.6038698037589267,-0.3050557461451807,0.9481940673147145,0.0
-0.032599068331943815,-1.623904442098006,-0.2826810533810901,-0.32273138506810056,-0.5860410544258481,0.0
-0.032599068331943815,0.6157997811176921,-0.25218956721484004,-0.22109646126131136,-2.996981960018161,0.0
-0.032599068331943815,0.6157997811176921,-0.3032651938985961,-0.3050557461451807,0.1810765064444332,0.0
-0.032599068331943815,0.6157997811176921,-0.23092168513185024,-0.3050557461451807,0.4002529524073707,0.0
-0.032599068331943815,0.6157997811176921,-0.2166558963447114,-0.06665556617229901,0.29066472942590194,0.0
-0.032599068331943815,0.6157997811176921,-0.3034901341460682,0.07276103583223144,-0.47645283144437933,0.0
-0.032599068331943815,0.6157997811176921,-0.2467800478598436,-0.07748189501258743,0.1810765064444332,0.0
-0.032599068331943815,0.6157997811176921,-0.2726063952490773,-0.2920199624395273,1.2769587362591208,0.0
-0.032599068331943815,-1.623904442098006,-0.2586995848990438,-0.28892672562801636,0.1810765064444332,0.0
-0.032599068331943815,0.6157997811176921,-0.3011403065407819,0.07497049069759643,0.4002529524073707,0.0
-0.032599068331943815,0.6157997811176921,-0.2537877872462435,0.8186729983794498,0.729017621351777,0.0
-0.032599068331943815,0.6157997811176921,-0.026483785145461274,-0.23214373558813625,1.167370513277652,0.0
-0.032599068331943815,-1.623904442098006,-0.14119917088985096,-0.23015522620930778,0.4002529524073707,0.0
-0.032599068331943815,0.6157997811176921,-0.2359607833062287,0.6819077422133574,0.4002529524073707,0.0
-0.032599068331943815,0.6157997811176921,-0.23641194358169743,0.3580679425968118,0.07148828346296444,0.0
-0.032599068331943815,0.6157997811176921,-0.2663280178397971,-0.22109646126131136,0.07148828346296444,0.0
-0.032599068331943815,0.6157997811176921,-0.24994174564547236,-0.09903733667908819,0.729017621351777,0.0
-0.032599068331943815,0.6157997811176921,-0.23470607142382635,-0.1614411798964568,-0.47645283144437933,0.0
-0.032599068331943815,0.6157997811176921,-0.2907176610279324,-0.27301865059738845,0.07148828346296444,0.0
-0.032599068331943815,-1.623904442098006,-0.2665217916674388,-0.21557282409789888,-0.5860410544258481,0.0
-0.032599068331943815,-1.623904442098006,-0.17296561958327245,-0.09957644366623726,0.1810765064444332,0.0
-0.032599068331943815,-1.623904442098006,-0.3024897974632001,-0.19635056676922352,-0.3668646084629106,0.0
-0.032599068331943815,0.6157997811176921,-0.25919290265061173,-0.3178705843642976,0.729017621351777,0.0
-0.032599068331943815,-1.623904442098006,-0.05379900661246613,-0.08875011482594884,0.729017621351777,0.0
-0.032599068331943815,0.6157997811176921,-0.2965278646088895,-0.2130849779194979,0.5098411753888394,0.0
-0.032599068331943815,-1.623904442098006,0.5149302640453188,-0.18795463828083658,-0.47645283144437933,0.0
-0.032599068331943815,-1.623904442098006,-0.2741094221938246,-0.3205219302027356,0.1810765064444332,0.0
-0.032599068331943815,-1.623904442098006,-0.07069071683273735,-0.21004918693448643,-0.2572763854814418,0.0
-0.032599068331943815,0.6157997811176921,-0.25206091163153016,-0.22109646126131136,1.0577822902961833,0.0
-0.032599068331943815,-1.623904442098006,-0.27831395290385363,-0.2743443235166074,-0.3668646084629106,0.0
-0.032599068331943815,0.6157997811176921,-0.2535512160522404,-0.265285558568611,1.4961351822220583,0.0
-0.032599068331943815,0.6157997811176921,-0.17326358260184496,0.8882708266384468,-0.14768816249997307,0.0
-0.032599068331943815,0.6157997811176921,-0.06292316422085673,-0.22131740674784783,0.1810765064444332,0.0
-0.032599068331943815,-1.623904442098006,-0.29442379250489936,-0.2405396640765232,0.1810765064444332,0.0
-0.032599068331943815,0.6157997811176921,-0.3034465463270299,-0.29842738154908577,0.1810765064444332,0.0
-0.032599068331943815,0.6157997811176921,-0.29685868787445724,-0.2898105075741623,-0.8052175003887856,0.0
-0.032599068331943815,0.6157997811176921,-0.27388105665141943,-0.28517065235689587,0.5098411753888394,0.0
-0.032599068331943815,0.6157997811176921,-0.3032544286859493,-0.024454978243827828,0.6194293983703082,0.0
-0.032599068331943815,-1.623904442098006,-0.23281704008854576,-0.263076103703246,-0.47645283144437933,0.0
-0.032599068331943815,0.6157997811176921,-0.2913158831419007,-0.32715029479883057,-0.03809993951850431,0.0
-0.032599068331943815,-1.623904442098006,-0.300216003877307,-0.29621792668372077,-2.996981960018161,0.0
-0.032599068331943815,-1.623904442098006,-0.24670405148105404,-0.3205219302027356,-0.03809993951850431,0.0
-0.032599068331943815,0.6157997811176921,1.3062695276838623,2.692511669695492,-2.996981960018161,0.0
-0.032599068331943815,-1.623904442098006,-0.2386522746709368,-0.23214373558813625,0.4002529524073707,0.0
-0.032599068331943815,0.6157997811176921,-0.2548961148210121,-0.31389356560664067,0.29066472942590194,0.0
-0.032599068331943815,0.6157997811176921,-0.27124320314692685,0.500842915996697,0.07148828346296444,0.0
-0.032599068331943815,-1.623904442098006,-0.2924223286864863,0.2212364027847583,-0.03809993951850431,0.0
-0.032599068331943815,0.6157997811176921,-0.21316130506031364,3.5157545525304847,0.6194293983703082,0.0
-0.032599068331943815,0.6157997811176921,-0.23441288876191863,-0.265285558568611,-2.996981960018161,0.0
